name,ratings,date,helpful,comment,developer_comment
김윤희,5,2020-06-17,3,청소잘 해주시네요 특히 시간 약속도 잘 지켜주시고 카드 결제 해놓으면 간편하게 처리 된다는 점이에요 가성비 진짜 최고구요 저희도 맞벌이에 아기 키우는 입장이라 청소에 대해 굉장히 소흘하고 10 일 에 한번 할까 말까인데 .. 여기 이용하고나서부턴 무조건 1 주일에 1 회는 꼭 청소 받고 있습니다,"Miso, Inc.2020년 6월 19일안녕하세요, 김윤희 고객님. 미소를 이용해 주셔서 감사합니다. 맞벌이 하시느라 바쁘실텐데, 미소 서비스를 통해 고객님의 일상이 조금이나마 여유로워지셨기를 바랍니다. 고객님의 기대에 부응할 수 있도록, 저희는 오늘도 최선을 다하고 있습니다. 편리하고 간편한 서비스 이용을 위해서, 카드 결제 (카드 정보는 나이스페이에 의해서 안전하게 관리됩니다.) 및 가상 계좌 사용 모두 가능 하도록 하고 있습니다. 앞으로도 번거로운 청소일은 미소에 맡기시고, 여가와 행복을 즐기면서 미소 지으시는 일만 가득하길 바랍니다. 코로나 19가 유행인 가운데, 건강에 유의하시기 바라며, 오늘도 좋은 하루 되세요 ^^"
올리,4,2020-06-17,7,"에어컨 청소 2번 경험 후기 1. 에어컨 청소 = 결과적으로는 만족 (하지만 기사의 재량과 성격문제에 크게영향을받음) 2.비수기는 예약도 쉽고 금액도 괜찬지만 성수기가 되면 기사매칭힘들고 가격도 3만원가량 추가되서 부담됨 3.전부는 아니지만 2번째 기사님은 솔직히 반반인게 결과적으로 에어컨 청소는 되었지만 화장실과 거실은 휴지조각,먼지,물 등으로 더러워지고 특히 물을 여기저기 줄줄흘리고 다녀서 청소하는데 식겁함. (이건 기본적으로 문제가 있는부분들인거같아요. 어느정도는 감안하지만 물로 세척한걸 닦지도 않고 들고다녀서 물도 흘리고다니는건 문제임) 4.에어컨 부품들 물기 안닦고 들고다니셔서 바닥 물천지 되는부분들은 신경도 안쓰시고 조립잘못해놓고선 의뢰인한테 짜증내듯이 하는건 문제인거같아요 이런기사님들은 거금들여서 청소맡겼는데 기분이 안좋아졌습니다..이런 부분들은 기사님 재량인데 모든 기사가 한결같이 고객한테 서비스마인드를 가지고 있지는 않더라구요. 일은 다 잘해서 추천! 비수기가 싸요!","Miso, Inc.2020년 6월 19일안녕하세요, 올리 고객님. 미소를 이용해 주셔서 감사합니다. 모든 고객님께서 저희 서비스에 만족하실 수 있도록 파트너님들도, 서비스 품질도 항상 심혈을 기울이고 있습니다. 다만, 사람과 사람을 연결하는 서비스인만큼, 저희 노력에도 불구하고 간혹 문제가 발생하는 경우도 존재합니다. 에어컨 청소는 잘 되었으나, 뒷처리 등이 깔끔하지 못 해 고객님 기분이 상하게 되어 진심으로 죄송합니다. 고객님의 불편에 다시 한 번 사과드리며, 더욱 개선된 서비스로 고객님을 찾아뵐 수 있도록 노력하겠습니다. 피드백 감사합니다."
박홍범,5,2020-06-17,2,미소 청소 잘 받아보았네요 !! 스케줄에 맞춰서 잘와주시고 알아서 마무리 짓고 가주셔서 ㅎㅎ 100 % 신뢰하게 되었습니다 . 앞으로 한달에 2 ~ 3 번 은 정기적으로 이용해볼 생각이고요 .부모님이 좀 편찮으셔서 여기 통해서 한번 부모님집도 청소 의뢰 드릴려고요 ! 무튼 여기 이앱 통해서 결제나 예약 등등 전반적인걸 하다보니까 . 수고로움도 덜하고 실제 생활에 있어서 도움을 상당히 받았습니다 !,"Miso, Inc.2020년 6월 19일안녕하세요, 박홍범 고객님. 100% 신뢰할 수 있는 서비스, 미소입니다. :) 저희 미소를 이용해 주셔서 감사합니다. 미소는 시간제 서비스로, 시간 관리와 고객 만족을 위해서 서비스 품질도, 클리너님들도 항상 최선을 다해 노력하고 있습니다. 부모님댁에도 미소를 신청하실 고객님에게 부끄럽지 않도록 저희는 오늘도 최선을 다하고 있습니다. 미소는 고객님의 일상에 필요한 모든 것을 쉽고 간편하게 만들어나가기 위해 최선을 다하고 있습니다. 청소가 필요 하실 때에는 미소를 기억해주세요. :) 코로나 19가 유행인 가운데, 건강에 유의하시기 바라며, 오늘도 좋은 하루 보내세요. ^_^ 감사합니다 :)"
Jinguk Do,1,2020-06-10,18,"벽걸이에어컨 조금전 청소받았는데, 주변가구 보양을 위한 비닐과 걸레도 하나 안 가져오고, 약제 뿌린후 세정 작업까지 20분하고 끝이네요. 방바닥과 거실에 물이 흥건한데 걸레를 안 가져왔으니 당연히 그냥 가셨네요. 제가 닦았습니다. 문제는 가고나서 벽지를 따라 물이 흘러 내리고 있네요. 벽지에 자국이 남을까 걱정됩니다. 6만원이 상당히 아깝게 느껴지는 서비스였습니다. 미소를 통해 랜덤하게 기사를 배정 받는거 보다, 비용을 더 주더라도 미소 통하지 않고 검증된 업체에 서비스 받는게 좋겠습니다. 참, 완전분해 청소가 아니였습니다. 저는 송풍팬까지 분해하는지 알았는데 붙여진 상태로 청소입니다.","Miso, Inc.2020년 6월 17일안녕하세요, Jinguk Do 고객님. 미소 서비스 이용에 불편을 드려서 죄송합니다. 모든 고객님께서 저희 서비스에 만족하실 수 있도록  항상 심혈을 기울이고 있습니다. 다만, 사람과 사람을 연결하는 서비스인만큼, 저희 노력에도 불구하고 간혹 문제가 발생하는 경우도 존재합니다. 에어컨 청소를 받으셨는데 뒷정리를 직접하시고, 물이 흘러내리는 불편을 겪으셨다니 마음이 너무나 무겁습니다. 혹시 지금도 물이 흐르고 있을까요 ? 고객님께서 겪으신 불편함을 직접 도와드리고 싶으나 스토어 댓글로는 고객님 정보 확인이 안 됩니다. 번거로우시겠지만 미소 실시간 문의로  연락 주시면 신속하게 확인하겠습니다. 피드백 감사합니다."
유혜인,5,2020-06-17,10,생각보다 저렴하고 유용했어요~! 제 상상 이상으로 진행을 잘해주셔서 뭐 더 건들것도 없고 집분위기가 확 달라져서 너무 좋습니다. 추가금없는것도 너무 좋고 해주시는 분도 너무 친절하셔서 너무감사했고 혼자사는사람이 가끔 이용하기에 최고인것같습니다.,"Miso, Inc.2020년 6월 19일안녕하세요, 유혜인 고객님. 유용한 서비스, 미소 입니다. :)  저희 미소 서비스를 이용해 주셔서 감사합니다. 미소는 합리적인 가격으로 양질의 서비스를 제공하여, 우리 모두의 일상이 행복해 지도록 노력하고 있습니다. 앞으로도 번거로운 일은 미소에 맡기시고, 여가와 행복을 즐기면서 미소 지으시는 일만 가득하길 바랍니다. 코로나 19가 유행인 가운데, 건강에 유의하시기 바라며, 오늘도 좋은 하루 보내세요. :) 감사합니다 ^_^"
윤상혁,1,2020-06-02,20,쓰레기같은 앱이에요. 예약 변경 취소가 실시간 채팅으로밖에 안되는데 답변 최소 30분 이상 기다리셔야됩니다. 30분만에 뭘도와드릴까요 하나듣고 다음답변은 또 언제올지 모르겠네요. 예약변경하려다가 빡쳐서 취소했구요 청소해주시는분들이나 상담원들이 잘못했다기보다는 앱 시스템 자체가 쓰레기인거 같아요.,"Miso, Inc.2020년 6월 3일안녕하세요, 윤상혁 고객님. 미소 서비스 이용에 불편을 드려서 진심으로 죄송합니다. 바쁘신 고객님께서 시간을 내어 저희에게 문의 주셨을텐데, 성수기로 인해 실시간 문의도 지연이 되어 더욱 답답하셨을 고객님을 생각 하니 마음이 무겁습니다.  다시 한 번 사과드리며, 더욱 개선된 모습 보여드릴 수 있도록 오늘도 최선을 다하겠습니다.  추후에 청소 서비스가 다시 필요하시면 찾아 주세요. 피드백 감사합니다."
김세라,5,2020-06-17,0,청소 업체 미소 이용하고나서 부터 제 라이프 스타일이 완전 바뀌었습니다 . 매번 주말마다 청소하느라 시간 다보내고 몸도 피로하고 . 청소는 청소대로 깔끔하지 않아서 특단에 조치로 미소 이용해보게 된건데요 . 첫 이용부터 마음에 들어서 현재 2 달 째 꾸준히 이용중입니다 . 이모님 청소 퀄리는 말할필요가 없고요 ! 마무리까지 완벽 하게 해주시다보니까 . 자연스레 이걸 주변 지인 들한테 추천 하게 되더라고요,"Miso, Inc.2020년 6월 19일안녕하세요, 김세라 고객님. 퇴근하고 깨끗한 집에 들어서면 기분이 상쾌하지요~  바쁘실텐데, 미소 서비스를 통해 고객님의 일상이 조금이나마 여유로워지셨기를 바랍니다. 고객님의 기대에 부응할 수 있도록, 저희는 오늘도 최선을 다하고 있습니다. 앞으로도 번거로운 청소일은 미소에 맡기시고, 여가와 행복을 즐기면서 미소 지으시는 일만 가득하길 바랍니다. 코로나 19가 유행인 가운데, 건강에 유의하시기 바라며, 오늘도 좋은 하루 보내세요. 감사합니다 ^_^"
조현수,5,2020-06-12,5,청소 업체중에서 미소가 가장 깔끔하고 좋네요 . 이모님이 스케줄 에 맞춰서 딱 와주시고 마무리 까지 엄청 깔끔 하게 잘 해주셨네요 요번주 토요일에 부모님이 저희집에 내려오시는데 저희 둘다 맞벌이이고 . 퇴근을 저녁 9~10 시에 하니까 청소 할 겨를 이 없었거든요 . 제가 미소 신청하고선 잠깐 집에 있다가 청소 요청 드리고 잠깐 볼일 보고 다시 시간 다될쯤 집에 들어가니까 집안이 완전 달라졌더라고요 ㅎ 깔끔하게 청소 서비스 이용받고 싶다면 미소 추천 드립니다,"Miso, Inc.2020년 6월 16일안녕하세요, 조현수 고객님. 가장 깔끔한 서비스, 미소 입니다. :) 미소를 이용해 주셔서 감사합니다. 깨끗하게 청소된 집에 돌아 오면 편안하지요 ^^ 맞벌이로 바쁘실 고객님께 조금이나마 여유를 드릴 수 있어서, 미소는 오늘도 보람을 느끼고 있습니다. 저희 미소 생활청소는 시간제 서비스로, 효율적인 청소 시간 관리와 고객 만족을 위해서 서비스 품질도, 클리너님들도 항상 최선을 다해 노력하고 있습니다. 오늘 받은 고객님의 칭찬에 만족하지 않고 앞으로도 최선을 다하는 미소가 되도록 하겠습니다. 코로나 19가 유행인 가운데, 건강에 유의하시기 바랍니다. 오늘도 좋은 하루 보내세요 . 감사합니다 :)"
김미소,5,2020-06-18,0,청소 1 위 업체 인정합니다 저번주 첫 이용해봤고요 이모님이 청소 스킬이나 마무리 부분에 있어서 완전 만족 스러웠습니다 . 개인적으로 자취생이나 맞벌이나 청소 하기 좀 불편하신분들이 이용하시기에는 딱 안성맞춤 서비스라고 생각 되네요 카드 결제 등록 한번 해놓으니까 결제 부분도 편하고요 . 특히 스케줄 맞추는게 제일 편합니다,"Miso, Inc.2020년 6월 22일안녕하세요, 김미소 고객님. 청소 1위, 미소 입니다. :) 저희 미소 서비스를 이용해 주셔서 감사합니다. 미소 서비스를 통해 고객님의 일상이 조금이나마 여유로워지셨기를 바랍니다.  편리하고 간편한 서비스 이용을 위해서, 카드 결제 (카드 정보는 나이스페이에 의해서 안전하게 관리됩니다.) 및 가상 계좌 사용 모두 가능 하도록 하고 있습니다. 앞으로도 번거로운 청소일은 미소에 맡기시고, 여가와 행복을 즐기면서 미소 지으시는 일만 가득하길 바랍니다. 코로나 19가 유행인 가운데, 건강에 유의하시기 바라며, 오늘도 좋은 하루 되세요 ^_^"
이이기행,5,2020-06-15,14,결제 금액도 저렴하고 상당히 청소를 잘 해주시다보니까 저도 주변에 입소문 내게 된 앱이에요 . 미소 쓰고선 청소로 부터 해방 되었고요 주말에 시간 많이 생겼습니다 . 아무래도 맞벌이에다가 아이가 있다보니까 . 집안이 항상 더럽거나 정리가 안되어있었거든요 무튼 이용하고선 집안이 180 도로 달라지고 금액도 저렴하니까 금액적으로도 부담이 덜가더라고요,"Miso, Inc.2020년 6월 16일안녕하세요, 이이기행 고객님. 청소로부터의 해방, 미소 입니다. :) 저희 미소 서비스를 이용해 주셔서 감사합니다. 미소는 고객님께서 특별히 신경 쓰지 않으시더라도, 미소 서비스를 원활하게 제공해 드리는 것을 지향하고 있습니다. 미소 서비스를 통해 고객님의 일상이 조금이나마 여유로워지셨기를 바랍니다. 앞으로도 번거로운 청소일은 미소에 맡기시고, 여가와 행복을 즐기면서 미소 지으시는 일만 가득하길 바랍니다. 코로나 19가 유행인 가운데, 건강에 유의하시기 바라며, 오늘도 좋은 하루 보내세요. 감사합니다 :)"
블루미니,5,2020-06-16,6,청소 업체 중에서 미소가 가장 괜찮았습니다 개인적으로 카드 결제도 한번 등록 해놓으면 끝이고 금액도 다른곳 보다 저렴하고 . 전 다른 업체 이용중인데 여긴 현금 결제에 전화로 스케줄 문의 드리고 해야 했는데 여긴 어플로 모든걸 처리 하다보니까 진짜 편하네요 ㅎㅎ 청소도 프로급이다보니까 마음놓고 맡기고 있고요 자주자주 사용하겠습니다,"Miso, Inc.2020년 6월 18일안녕하세요, 블루미니 고객님. 가장 괜찮은 서비스, 미소 입니다. :) 미소 서비스를 이용해 주셔서 감사합니다. 고객님의 편의를 위해서 앱은 최대한 간편하게 구성되어 있는데, 어플로 모든 걸 처리하기 편하다고 하시니 저희 개발자들도 기쁩니다 ^_^ 또한, 편리하고 간편한 서비스 이용을 위해서, 카드 결제 (카드 정보는 나이스페이에 의해서 안전하게 관리됩니다.) 및 가상 계좌 사용 모두 가능 하도록 하고 있습니다. 앞으로도 번거로운 청소일은 미소에 맡기시고, 여가와 행복을 즐기면서 미소 지으시는 일만 가득하길 바랍니다. 코로나 19가 유행인 가운데, 건강에 유의하시기 바라며,  오늘도 좋은 하루 되세요 ^^"
김조광,5,2020-06-19,0,미소 청소 서비스 이용할만 했네요 ^^ 개인적으로 청소 업체중에서 제일 청소 잘 해주시거니와 스케줄 잡기 그리고 마무리까지 제일 완벽 했어요 . 개인적으로 청소 업체 찾고 계시거나 교체 할려고 하신다면 미소 이용해보시라고 추천 드리고 싶네요 ㅋㅋ 깔끔하게 잘 해주시니까 청소로 부터 해방도 되고 스트레스도 다 풀립니다 . 예전엔 청소 어떻게 해야 하나 고민이었는데 이게 좀 덜어주긴하네요,"Miso, Inc.2020년 6월 22일안녕하세요, 김조광 고객님. 청소로부터의 해방, 미소입니다. :)  저희 미소 서비스를 이용해 주셔서 감사합니다.  미소는 시간제 서비스로, 시간 관리와 고객 만족을 위해서 서비스 품질도, 클리너님들도 항상 최선을 다해 노력하고 있습니다. 미소는 고객님의 일상에 필요한 모든 것을 쉽고 간편하게 만들어나가기 위해 최선을 다하고 있습니다. 추후 청소가 필요 하실 때에는 미소를 기억해주세요. :) 코로나 19가 유행인 가운데, 건강에 유의하시기 바라며, 오늘도 좋은 하루 보내세요. ^_^ 감사합니다 :)"
김지아,1,2020-06-13,6,예약을 사전에했고 예약이 많은주라 추가금도 있다고해서 추가금도냈는데 하루전 오후5시 넘어서 클리너 배정이 안되었다는 알림과 설문을 해달라하네요. 날은 더워지고 개인업체에 더 알아보지도 않았는데 이런식으로 취소하거나 울며겨자먹기로 다른날에 서비스받게하는게 미소에서 추구하는건가요..클리너 배정량이 정해져있으면 예약을 더 받지말았어야죠. 이럴꺼면 예약은 왜하라하는거죠? 별 하나도 아깝네요. 그리고 1대1 실시간채팅창 30분넘게 기다려서 답변받아야되고 사무적인답변..챗봇이랑 대화하는 기분이였습니다.,"Miso, Inc.2020년 6월 15일안녕아세요. 김지아 고객님. 미소 서비스 이용에 불편을 드려서 죄송합니다. 날은 점점 더워지는데 실시간 문의도 지연이 되어 더욱 답답하셨을 고객님을 생각 하니 마음이 무겁습니다. 모든 고객님께서 저희 서비스에 만족하실 수 있도록 서비스 품질에 심혈을 기울이고 있습니다. 미소는 고객님께서 원하시는 시간에 서비스를 제공해드려야하지만, 성수기 주문 폭주로 인해 우수한 파트너님 배정이 어려운 경우가 있습니다. 양질의 서비스를 제공하기 위해 우수한 파트너님 모집에 항상 신경쓰고 있사오니, 이 점 양해 부탁 드립니다. 고객님의 불편에 다시 한 번 사과드리며, 개선된 서비스로 고객님을 찾아뵐 수 있도록 노력하겠습니다. 감사합니다."
R러스트,1,2020-06-12,2,최악의 서비스 연결앱. 예약이 많다고 추가요금 이야기 하고 1:1 문의로 된다고 하다 전날에 날짜 변경 요구함. 선택지에 분명 날짜 지정할수 있는데도 지들 멋대로 변경 요청하고 콜센터에선 당일까지 서비스 가능한 분을 알아보겠다는 말도 안되는 소리를 하다 되냐 안되냐 한참 물어야 힘들지도 모른다 같은 소리를 함. 써본 서비스 연결 앱중 신뢰도 최악임,"Miso, Inc.2020년 6월 12일안녕하세요, R러스트 고객님. 미소 서비스 이용에 불편을 드려서 죄송합니다. 모든 고객님께서 저희 서비스에 만족하실 수 있도록 파트너님들도, 서비스 품질도 항상 심혈을 기울이고 있습니다. 미소는 고객님께서 원하시는 시간에  서비스를 제공해드려야 하지만, 최근, 성수기 주문 폭주로 인해 우수한 파트너님 배정이 어려운 경우가 있습니다. 양질의 서비스를 제공하여 고객님의 만족을 위해 우수한 파트너님 모집에 항상 신경쓰고 있사오니, 이 점 양해 부탁 드립니다. 고객님의 불편에 다시 한 번 사과드리며, 더욱 개선된 서비스로 고객님을 찾아뵐 수 있도록 노력하겠습니다. 피드백 감사합니다."
박종수,5,2020-06-22,0,미소 청소 서비스 좋네요 . 맞벌이 부부에겐 오아시스 같은 어플입니다 . 매번 청소 때문에 1 주일에 한번은 항상 몸도 피곤하고 싸우기도 많이 싸웠는데 이제 이거 쓰고 나서 부터 싸움도 없고 ㅎ 청소 스트레스에서 완전히 해방 되었습니다 . 이모님이 청소 잘해주셔서 감사하기도 하지만 마무리까지 완벽 하다보니까 ㅎㅎ 저희가 더 손댈 곳이 없는게 제일 마음에 들었네요 !! 좋은 서비스 해주셔서 넘넘 감사합니다,
안이슬,5,2020-06-12,3,청소 업체 중 에선 미소가 가장 나아요 저도 원래 쓰던 업체 있었지만 이곳은 청소도 좀 별로이고 카드결제가 아닌 온니 현금 결제였거든요 . 여긴 카드 1 번 등록 해놓으면 청소 할때마다 알아서 결제 되니까 그게 참 편하더라고요 . 또 스케줄 잡기도 편하고요 . 요즘은 이런 생활 밀착 어플 이용하면 좋은게 삶에 질이 달라지네요 ^^ 매일 주말에 쓸고 닦고 ㅠ 청소 하고 정말 쉬는게 쉬는게 아니였는데 이거 알고나서부턴 주말마다 쉬고 있고 놀러도 나가고 그러네요,"Miso, Inc.2020년 6월 16일안녕하세요, 안이슬 고객님. 미소를 이용해 주셔서 감사합니다. 미소는 고객님의 생활을 더 편하고 쉽게 만들기 위해서 오늘도 노력하고 있는데, 고객님의 삶의 질이 달라지셨다고 하시니 저희는 오늘도 기쁘게 일하고 있습니다. 고객님의 편리한 이용을 위해서 카드 결제 (카드는 한번만 등록하시면 되시며, 나이스 페이에 의해 안전하게 관리되고 있습니다.) 및 가상 계좌 입금, 모두 가능 하도록 하고 있습니다. 나중에 청소가 다시 필요하시면 미소를 찾아주세요. ^_^  코로나 19가 유행인 가운데, 건강에 유의하시기 바랍니다. 오늘도 좋은 하루 보내세요 :) 감사합니다 ^_^"
김영광,5,2020-06-10,6,깔끔한 청소 해주셔서 감사합니다 . 이렇게 실생활에서 도움을 주는 앱은 이게 처음이에요 처음 이용했을땐 청소 서비스 받는거 자체가 저한테는 좀 사치 스러워서 부담스럽고 선입견이 있었는데요 직접 사용해보니까 그런 마음 싹 사라지네요 가격대시 제대로 청소를 해주시다보니까 금액적인 부분도 만족 스럽고 집안도 완전 깨긋하게 변했습니다 . 시간 많이 촉박하시거나 청소에 소질이 없으시면 미소 서비스 강력 추천 드리고 싶네요 ^^ 좋은 업체입니다,"Miso, Inc.2020년 6월 12일안녕하세요, 김영광 고객님. 실생활에 도움되는 어플, 미소 입니다. :) 미소를 이용해 주셔서 감사합니다. 깨끗하게 청소된 집에 들어서면 기분이 상쾌하지요. 미소 서비스를 통해 고객님의 일상이 조금이나마 여유로워지셨기를 바랍니다. 고객님의 기대에 부응할 수 있도록, 저희는 오늘도 최선을 다하고 있습니다. 앞으로도 번거로운 청소일은 미소에 맡기시고, 여가와 행복을 즐기면서 미소 지으시는 일만 가득하길 바랍니다. 추후 청소 서비스가 다시 필요하시면 미소를 기억해 주세요 ^^ 코로나 19가 유행인 가운데, 건강에 유의하시기 바라며, 오늘도 좋은 하루 보내세요. 감사합니다. :)"
수빈,4,2020-06-12,4,"처음 써보았습니다! 깨끗해진 게 눈이 보이긴 한데 안 하신 곳도 눈에 보여요 ㅠㅠ 사물함 위, 세탁실, 설거지 후 뒷정리가 안 되어 있네용.... 세탁실은 문의드렸더니 청소 범위라고 해서 하시는 줄 알았는데 ㅜㅜ 그래도 고생하셔서 별 4개는 드립니다 :)","Miso, Inc.2020년 6월 19일안녕하세요, 수빈 고객님. 미소를 이용해 주셔서 감사합니다. 청소는 잘 되었으나, 방문하신 크리너분의 미흡한 마무리 작업으로 불편을 드려서 죄송합니다. 모든 고객님께서 저희 서비스에 만족하실 수 있도록 파트너님들도, 서비스 품질도 항상 심혈을 기울이고 있습니다. 다만, 사람과 사람을 연결하는 서비스인만큼, 저희 노력에도 불구하고 간혹 문제가 발생하는 경우도 존재합니다. 번거로우시겠지만 미소 앱 내 실시간문의로 불만족스러웠던 사안과 고객님 성함 및 연락처를 남겨주시면 신속하게 확인하여, 클리너분 재교육 등을 통해 더욱 개선된 서비스로 고객님을 찾아뵐 수 있도록 노력하겠습니다. 피드백 감사합니다. :)"
지원심,5,2020-06-11,2,제대로 청소 해주셔서 감사합니다 . 묵은때가 싹 내려간 기분이에요 어쩜 제가 말씀드린 부분을 100% 완벽하게 청소 해주시는지 ㅠ 부모님 왔다가신줄 알았어요 . 꼼꼼히 해주시는것도 그리고 간간히 생활 꿀팁도 알려주시고 . 확실히 청소 전문가라 서비스가 남다르네요 처음 청소 업체 이용해본건데 대만족이고요 정기적으로 이용해볼까 심히 고려중입니다 . 요번에 이정도 금액에 이정도 퀄리티로 청소 받아보니까 이런 어플 다시보게 되네요 ^^,"Miso, Inc.2020년 6월 12일안녕하세요, 지원심 고객님. 부모님의 손길같은 서비스, 미소 입니다. :) 저희 미소 서비스를 이용해 주셔서 감사합니다. 정기 서비스를 고려하실 정도로 마음에 드셨다고 하시니, 더 좋은 서비스로 찾아뵙고 싶습니다. 앞으로도 번거로운 청소일은 미소에 맡기시고, 가족들과 여가와 행복을 즐기면서 미소 지으시는 일만 가득하길 바랍니다. 또한, 정기 서비스가 일회성 서비스보다 저렴하니, 정기 서비스 이용을 고려해주시길 부탁 드립니다. 코로나 19가 유행인 가운데, 건강에 유의하시기 바라며, 오늘도 좋은 하루 보내세요. :) 감사합니다 ^_^"
홍홍의봉,5,2020-06-22,0,여러 청소 업체 사용해봤지만 여기처럼 제대로 해주신 청소 업체는 아직 못본거 같습니다 . 결제 부분 부터 . 스케줄 관리까지 . 100 점 만점에 99 점 드리고 싶네요 . 전에 이용했던 업체는 현금 결제에 무조건 통화상으로 스케줄을 정해야 하는 번거로운이 있었는데 요번에 알게된 미소는 그런게 없고 결제도 간편하고 스케줄도 어플로 정하면 되니까 .. 정말 편하더라고요,
이수성,5,2020-06-18,0,미소 청소 서비스 꾸준히 사용중이고요 삶의 질이 완전 달라진 회원입니다 . 매일 청소 때문에 스트레스도 받고 싸우기도 많이 싸웠거든요 ㅠ ( 2 명 다 맞벌이 신혼부부) 차라리 여기다 맡기고 또 비용도 그리비싸지도 않다보니까 . 부담스럽지도 않고 청소 맡기기도 안심이 되네요,"Miso, Inc.2020년 6월 22일안녕하세요, 이수성 고객님. 삶의 질의 달라지는 서비스, 미소 입니다. 미소를 이용해 주셔서 감사합니다. 깨끗하게 청소된 집에 돌아 오면 편안하지요 ^^ 맞벌이로 바쁘실 고객님께 조금이나마 여유를 드릴 수 있어서, 미소는 오늘도 보람을 느끼고 있습니다. 미소는 합리적인 가격으로 양질의 서비스를 제공하여, 우리 모두의 일상이 행복해 지도록 노력하고 있습니다. 앞으로도 번거로운 청소일은 미소에 맡기시고, 여가와 행복을 즐기면서 미소 지으시는 일만 가득하길 바랍니다. 코로나 19가 유행인 가운데, 건강에 유의하시기 바라며, 오늘도 좋은 하루 보내세요. :) 감사합니다 ^_^"
서진호,5,2020-06-15,0,청소로 자주 싸우다보니까 이용하게 된게 계기네요 윗집에서 괜찮다고 추천 해주셔서 ㅎㅎ 한번 이용해봤고요 스케줄에 맞춰서 이모님이 청소 해주시고 알아서 마무리 해주시니까 . . 저희 입장에선 정말 땡큐였네요 금액도 이정도면 부담 스럽지도 않고요 맞벌이 부부라던지 자취생이라던지 몸이 불편하신 어르신들이 좀 쓰시기 좋을듯 하네요 청소에 대한 스트레스가 아예 사라졌습니다,"Miso, Inc.2020년 6월 16일안녕하세요, 서진호 고객님. 미소를 이용해 주셔서 감사합니다. 미소 서비스를 받으시고 청소에 대한 스트레스가 아예 사라졌다고 말씀 주시니, 고객님의 칭찬에 더 좋은 서비스로 보답하고 싶은 마음 뿐입니다. 저희는 고객님의 일상에 필요한 모든 것을 쉽고 간편하게 만들어나가기 위해 항상 노력하고 있습니다. 앞으로도 번거로운 청소일은 미소에 맡기시고, 여가와 행복을 즐기면서 미소 지으시는 일만 가득하길 바랍니다. 코로나 19가 유행인 가운데, 건강에 유의하시기 바라며, 오늘도 좋은 하루 보내세요. 감사합니다 :)"
박완호,5,2020-06-12,2,"6 살 큰애 , 4 살 배기 둘째 키우니까 청소 할 시간 엄두가 거의 안났거든요 ㅜㅜ. 거기다가 소소하게 소일거리도 하다보니까 . 청소 할 겨를이 전혀 없었네요 ㅠ 그래서 저도 소문듣고선 이용하게 된건데요 . 시간적인 부분에 있어서도 여유가 생기고 . 청소도 워낙 깨긋 히 해주시니까 집이 깨끗해지니까 마음도 편안해지고 . 좀 기분이 좋다라고 해야 하나 ?? 예전엔 이런게 사치스럽게 느껴졌는데 막상 가격 그리고 서비스 보니까 그런 선입견들이 깨지더라고요","Miso, Inc.2020년 6월 16일안녕하세요, 박완호 고객님. 미소 서비스를 이용해 주셔서 감사합니다. 고객님께서 미소의 서비스에 만족하신다고 하시니, 저희는 더욱 좋은 모습을 보이고 싶은 마음뿐입니다. 더욱이 바쁘신 고객님의 일을 덜어드릴 수 있어서, 저희는 오늘도 기쁘게 일하고 있습니다. 미소는 합리적인 가격으로 양질의 서비스를 제공하여, 우리 모두의 일상이 행복해 지도록 노력하고 있습니다. 앞으로도 번거로운 청소일은 미소에 맡기시고, 여가와 행복을 즐기면서 미소 지으시는 일만 가득하길 바랍니다. 코로나 19가 유행인 가운데, 건강에 유의하시기 바라며, 오늘도 좋은 하루 보내세요. :) 감사합니다 ^_^"
이혜정,5,2020-06-17,2,여기저기 이용해봤는데 제일 깔끔했어욧 스케쥴이랑 시간 딱 맞춰 와주셨고 일도 군더더기없이 마무리 지어주셨어요 금액적인 부분도 솔직히 부담없고 여기저기 정리해주셔서 진짜감사했습니다. 진짜 깔끔해진 집보며 대대대만족 헤헤,"Miso, Inc.2020년 6월 19일안녕하세요, 이혜정 고객님. 대만족을 드리는 서비스, 미소 입니다. :)  미소를 이용해 주셔서 감사합니다. 미소는 시간제 서비스로, 시간 관리와 고객 만족을 위해서 서비스 품질도, 클리너님들도 항상 최선을 다해 노력하고 있습니다. 미소는 합리적인 가격으로 양질의 서비스를 제공하여, 우리 모두의 일상이 행복해 지도록 노력하고 있습니다. 미소는 고객님의 일상에 필요한 모든 것을 쉽고 간편하게 만들어나가기 위해 최선을 다하고 있습니다. 청소가 필요 하실 때에는 미소를 기억해주세요. :) 코로나 19가 유행인 가운데, 건강에 유의하시기 바라며, 오늘도 좋은 하루 보내세요. ^_^ 감사합니다 :)"
EH KIM,5,2020-06-23,0,"미소 처음 사용해봤는데, 처음오신 클리너님이 제가 원하는 요청사항대로 침착하고 꼼꼼하게 청소해주셨어서 미소 서비스 첫인상이 매우 좋습니다! 또 이용할 의사가 100%입니다.",
윤보희,3,2020-06-21,0,클리너님에 따라 케바케에요 첨배정됐던분은 안봐도 넘나깔끔해서 좋았는데 이사후 새로오신클리너님운 안보면 구석이나 때있는곳은안하고 겉핥기에요 사람이하는일이라 사람이 뽑기같은 경향이있네요 추가로 물건분실 조심하세여 저희집 외부인출입 클리너님 및 남자친구밖에없는데 물건하나관심많으시더니 순금반지없어지고 결혼도안했는데 분유가왜있냐다더니 그담주 산양분유 새통 2개 가져가셨습니다,"Miso, Inc.2019년 9월 19일윤보희 고객님, 안녕하세요!   미소를 사용하시고, 고객님께서 직접 경험하신 진솔한 의견 남겨주셔서 감사드립니다 :)   미소의 클리너님은 목소리와 평점 시스템을 통해 관리되고 있습니다. 만약 불만족스러운 경험을 겪으셨다면 고객센터 혹은 실시간 문의로 전달해주세요. 해당 클리너님의 제재 및 재교육을 진행하고, 고객님께 더 나은 서비스를 제공해드릴 수 있는 방안을 최선을 다해 모색하겠습니다!   청소 품질을 통해 만족스러운 서비스를 제공해드릴 수 있도록 오늘도 노력하는 미소가 되겠습니다!"
Byung Youn Kim,1,2020-06-19,0,아버님뻘 되시는분이 오셔서 고생하시는데 이렇게 리뷰를 다는게 도의적으로는 안맞다고 생각이들지만 미소에서 업체를 잘 걸러주시는게 맞지않나 생각되네요 낮에 남자가 있으니 식당하시냐고 물으시더니 온라인몰 운영한다고 했더니 에어컨청소 사이트 운영 제안을 하시네요 청소 집중해 주시라고 말씀드리고 옆에서 봤는데 무풍이 안좋다느니 지금께 전기세가 어떻다느니 아..급하게 예약잡혀서 오셨는데 기분이 썩 내키지가 않았네요 벽걸이는 어떻게 청소가 된다라는 설명한번 이라도 해주시면 좋으련만 걍 뜯어서 수압쎈 물만 뿌리고 다시 설치해주셨네요 이게 맞는건가요?.. 아 돈아깝고 그렇네요 별하나도 아까워요.. 찐 리뷰니 거르지마세요 동네마다 다들수있고 여기는 고양시 삼송이예요,"Miso, Inc.2020년 6월 22일안녕하세요, Byung Youn Kim 고객님. 미소 서비스 이용에 불편을 드려서 죄송합니다. 방문하신 파트너님의 과도한 간섭으로 인하여 고객님에게 불편을 드리기 되어서 마음이 무겁습니다. 에어컨에서 퀴퀴한 냄새가 나거나, 이상한 있으시면 A/S 도와드리고 있으니 실시간 문의로 연락 주세요. 재차 사과드리며, 만족스러운 서비스로 고객님을 찾아뵐 수 있도록 노력하겠습니다. 피드백 감사합니다."
윤앵지,5,2020-06-09,3,역시 청소를 잘 해주시긴 합니다 . 저도 지인 추천 받고선 다른 업체 이용하다가 좀 불만이 많아서 여기로 옮겼거든요 . 1 번째 좋은 점은 카드결제 가능 하면서 자동적으로 결제가 처리 되는 점입니다 . 2 번째는 이모님이 스케줄에 맞춰서 잘 와주시고 마무리도 완벽 하다는 점입니다 3 번째는 개인적인 시간이 상당히 생겼네요 . 암튼 청소로 부터 해방이 되니까 스트레스도 덜받고 요즘 살맛 납니다 ㅋ,"Miso, Inc.2020년 6월 12일안녕하세요, 윤앵지 고객님. 청소로부터의 해방, 미소 입니다. :) 저희 미소 서비스를 이용해 주셔서 감사합니다.  미소는 고객님께서 특별히 신경 쓰지 않으시더라도, 미소 서비스를 원활하게 제공해 드리는 것을 지향하고 있습니다. 고객님의 편리하고 간편한 이용을 위해서, 카드 결제 (카드는 한 번만 등록해주시면 되며, 카드 정보는 나이스페이에 의해서 안전하게 관리됩니다.) 및 가상 계좌 이용 모두 가능 하도록 하고 있습니다. 앞으로도 믿을 수 있는 서비스를 제공하기 위해 더욱 노력하는 미소가 되도록 하겠습니다. 코로나 19가 유행인 가운데, 건강에 유의하시기 바라며, 오늘도 좋은 하루 보내세요. 감사합니다. ^_^"
유인숙,5,2020-06-13,0,청소 잘 해주셔서 감사합니다 . 옆집 에도 이거 추천 해드렸고요 아무리 해도 생겨나는게 집안일인데요 . 청소 부분을 미소에 맡기다보니까 집안일이 반으로 줄었네요 . 저희는 주 1 회 무조건 미소에서 청소 받고 있고요 . 이쪽 업체 좋은게 청소 잘해주시는것도 주시는거지만 정리나 생활 꿀팁을 간간히 알려주신다는점이에요 ^^ 이모님도 굉장히 친절 하시고요 . 요번엔 좀 부모님집도 여기 이용해서 청소 한번 해드릴려고요,"Miso, Inc.2020년 6월 16일안녕하세요, 유인숙 고객님. 추천하고 싶은 서비스, 미소입니다. :) 저희 미소를 이용해 주셔서 감사합니다. 고객님께서 이렇게 칭찬해 주시니, 더 좋은 서비스로 보답하고 싶습니다. 미소 서비스를 통해 고객님의 일상이 조금이나마 여유로워지셨다면, 기쁜 마음입니다. 저희는 고객님의 일상에 필요한 모든것을 쉽고 간편하게 만들어나가기 위해 항상 노력하고 있습니다. 앞으로도 번거로운 청소일은 미소에 맡기시고, 여가와 행복을 즐기면서 미소 지으시는 일만 가득하길 바랍니다. ^^ 코로나 19가 유행인 가운데, 건강에 유의하시기 바라며, 오늘도 좋은 하루 보내세요. 감사합니다. :)"
배슬기,5,2020-06-19,0,예전엔 이런게 사치 스럽다 이렇게 생각 했는데 막상 써보니까 이정도 금액에 이정도 서비스면 사치 스럽다 ?? 이런 생각은 안들더군요 . 덕분에 주말에 시간 많이 생기고 좋습니다,"Miso, Inc.2020년 6월 22일안녕하세요, 배슬기 고객님. 여유를 드리는 서비스, 미소 입니다. :)  미소를 이용해 주셔서 감사합니다. 바쁘신 고객님의 일을 덜어드릴 수 있어서, 저희는 오늘도 기쁘게 일하고 있습니다. 미소는 합리적인 가격으로 양질의 서비스를 제공하여, 우리 모두의 일상이 행복해 지도록 노력하고 있습니다. 앞으로도 번거로운 청소일은 미소에 맡기시고, 여가와 행복을 즐기면서 미소 지으시는 일만 가득하길 바랍니다. 코로나 19가 유행인 가운데, 건강에 유의하시기 바라며, 오늘도 좋은 하루 보내세요. :) 감사합니다 ^_^"
권희영,5,2020-06-17,1,이용하기 편하네요 상담피드백도 빠른편이고 다른어플도 이용해봤었는데 이용가능 지역도 넓고 빠르게 진행해주셔서 좋았고 어서빨리 전국구로 확장하면 좋겠어요><,"Miso, Inc.2020년 6월 19일안녕하세요, 권희영 고객님. 전국구로 확장을 바라는 서비스, 미소 입니다. :) 미소 서비스를 이용해 주셔서 감사합니다. 고객님의 편의를 위해서 앱은 최대한 간편하게 구성되어 있는데, 사용하시기 편하다고 하시니 저희 개발자들도 기쁩니다. 미소는 고객님의 생활을 더 편하고 쉽게 만들기 위해서 오늘도 노력하고 있습니다. 코로나 19가 유행인 가운데, 건강에 유의하시기 바랍니다. 오늘도 좋은 하루 보내세요 :) 감사합니다 ^_^"
신광호,1,2020-06-12,0,3일지나 예약을 해주고 또 저녁9시에 전화와서 변동사항이생겨 취소되었다고 하는데 뭔 상황인지 어이가 없네요 어플 깔면 문자랑 어플도 따로 체크해야되고 장사 잘하세요,"Miso, Inc.2020년 6월 15일안녕하세요, 신광호 고객님, 미소 서비스 이용에 불편을 드려서 죄송합니다. 모든 고객님께서 저희 서비스에 만족할 수 있도록 클리너님들도, 서비스 품질도 항상 심혈을 기울이고 있습니다. 하오나 예기치 못하게 청소가 취소되어, 고객님 일정에 불편을 드린 점 진심으로 사과 드립니다. 앞으로 정성을 다해 꼼꼼하게 신경쓰는 미소가 되겠습니다. 피드백 감사합니다. 오늘도 좋은 하루 보내세요 ^_^"
이수연,5,2020-06-10,1,몇군데 청소 업체 서비스 다 이용해본 1 인입니다. 19 년 10 월쯤 한번 이용했었는데? 금액적인면에서도 미소가 가장 저렴하기도하고.. 결제도 간편하고 평도좋다보니 예약을해서 청소를 받았습니다. 제가 좀까다롭다보니 주문을 3~4 가지 하다보니 귀찮으실수도있었겟지만.. 내색하나 안하시고 도와주셔서 참 감사했습니다. 이번에 또 이용하다보니 이제야 리뷰남기네요.~,"Miso, Inc.2020년 6월 16일안녕하세요, 이수연 고객님. 미소를 이용해 주셔서 감사합니다. 미소는 고객님의 생활을 더 편하고 쉽게 만들기 위해서 오늘도 노력하고 있습니다. 미소를 통해 고객님의 일상이 조금이나마 여유로워지셨기를 바랍니다. 저희는 시간제 서비스로, 효율적인 청소 시간 관리와 고객 만족을 위해서 서비스 품질도, 클리너님들도 항상 최선을 다해 노력하고 있습니다. 앞으로도 번거로운 청소일은 미소에 맡기시고, 여가와 행복을 즐기면서 미소 지으시는 일만 가득하길 바랍니다. 코로나 19가 유행인 가운데, 건강에 유의하시기 바라며, 오늘도 좋은 하루 보내세요 ^_^"
최클라,1,2020-06-12,0,에어컨청소 돈 더내고 예약해야 된대서 예약했더니 바로 전날 일방적인 예약취소라뇨. 약속 다 빼고 기다렸더니 일정변경만 가능하다하고 연락도 안되네요. 진짜 최악인듯,"Miso, Inc.2020년 6월 12일안녕하세요, 최클라 고객님. 미소 서비스 이용에 불편을 드려서 죄송합니다. 모든 고객님께서 저희 서비스에 만족하실 수 있도록 파트너님들도, 서비스 품질도 항상 심혈을 기울이고 있습니다. 미소는 고객님께서 원하시는 시간에  서비스를 제공해드려야하지만, 최근, 성수기 주문 폭주로 인해 우수한 파트너님 배정이 어려운 경우가 있습니다. 양질의 서비스를 제공하여 고객님의 만족을 위해 우수한 파트너님 모집에 항상 신경쓰고 있사오니, 이 점 양해 부탁 드립니다. 고객님의 불편에 다시 한 번 사과드리며, 더욱 개선된 서비스로 고객님을 찾아뵐 수 있도록 노력하겠습니다. 피드백 감사합니다."
ㄴㄴ,5,2020-05-26,13,오랜만에 생활 밀착 앱중에서 정말 스마트한 앱 이용해보네요 . 집안 청소 어플 통해서 받게 될꺼라곤 상상 1 도 못햇는데 ㅎㅎ 청소 해주시는분들도 친절 하시고 이것저것 꿀팁도 알려주시고 앞으로는 무조건 청소는 여기다 맡길려고요 . 부모님집도 이거 한번 신청해드릴려고요 !! 무튼 변함 없는 서비스만 해주시길 바랍니다,"Miso, Inc.2020년 5월 28일안녕하세요, ㄴㄴ 고객님. 스마트한 어플, 미소 입니다. :)  미소 서비스를 이용해 주셔서 감사합니다. 미소의 서비스가 마음에 드시고 또 부모님 댁에도 미소를 이용하려 하신다고 말씀 주시니, 저희는 고객님에게 더욱 좋은 모습을 보이고 싶은 마음 뿐입니다. 미소는 고객님의 생활을 더 편하고 쉽게 만들기 위해서 오늘도 노력하고 있습니다. 코로나 19가 유행인 가운데, 건강에 유의하시기 바라며, 오늘도 좋은 하루 보내세요 ^_^ 감사합니다. :)"
강양희,5,2020-06-19,0,미소 업체가 청소 제일 잘 해주시긴 하네요 !! 개인적으로 여러 업체 다 이용해봤지만 미소 가 가장 괜찮더라고요,"Miso, Inc.2020년 6월 22일안녕하세요, 강양희 고객님. 가장 괜찮은 서비스, 미소 입니다. :) 저희 미소를 이용해 주셔서 감사합니다. 고객님께서 미소의 서비스에 만족하신다고 하시니, 저희는 더욱 좋은 모습을 보이고 싶은 마음 뿐입니다. 고객님의 칭찬에 만족하지 않고 항상 최선을 다하는 미소가 되도록 하겠습니다. 코로나 19가 유행인 가운데, 건강에 유의하시기 바라며, 오늘도 좋은 하루 보내세요 ^_^ 감사합니다. :)"
주홍준,5,2020-05-28,4,한달에 3 번정도 이용하면 딱 맞더라고요 정기적으로 이용중이고요 이모님도 친절 하시고 청소도 정말 잘해주시네요,"Miso, Inc.2020년 6월 1일안녕하세요, 주홍준 고객님. 딱 맞는 서비스, 미소 입니다.  :) 미소를 꾸준히 찾아 주셔서 감사합니다. 앞으로도 번거로운 청소일은 미소에 맡기시고, 여가와 행복을 즐기면서 미소 지으시는 일만 가득하길 바랍니다. 미소는 고객님의 생활을 더 편하고 쉽게 만들기 위해서 오늘도 노력하고 있습니다. 코로나 19가 유행인 가운데, 건강에 유의하시기 바랍니다. 오늘도 좋은 하루 보내세요 :) 감사합니다 ^_^"
주현순,5,2020-06-09,1,미소 이용후 집이 깨끗해 졌어요 저의 청소시간도 줄고 여유있는 시간을 보낼수 있어서 만족한 편입니다. 클리너님 내집처럼 청소 해주시니 주변사람들에게 추천하고 있어요,"Miso, Inc.2020년 6월 16일안녕하세요, 주현순 고객님. 미소를 이용해 주셔서 감사합니다. 바쁘신 고객님에게 여유를 드릴 수 있어서, 저희는 기쁘게 일하고 있습니다. 미소는 합리적인 가격으로 양질의 서비스를 제공하여, 우리 모두의 일상이 행복해지도록 노력하고 있습니다. 코로나 19가 유행인 가운데, 건강에 유의하시기 바랍니다. 오늘도 좋은 하루 보내세요. :) 감사합니다 ^_^"
김양호,1,2020-05-31,2,후기 다 광고입니까? 하도 후기가 좋아서 이용했더니 청소를 대체 어디를 해준건데요? 침대맡 쓰레기 그래도 잇고 방바닥 구석 유리창 아것도 안되잇고 불편하실까바 시간동안 나가잇엇는데 집기대하고 들어왔다가 할말을 잃엇네요 초등학교애한테 시켜도 이것보단 잘하겟어요 주방 벽면이고 뭐고 아무것도 안되잇는데 뭘 하신건지 대체?,"Miso, Inc.2020년 6월 1일안녕하세요, 김양호 고객님. 미소 서비스 이용에 불편을 드려서 죄송합니다. 미소에서는 고객님에게 만족스러운 경험을 선사하고자 하는데, 그러지 못했던 점 진심으로 죄송합니다. 고객님께서 저희 고객센터와 상담하신 내용 확인하였습니다. 미소 서비스를 주문 하셨을 때, 기대하신 바가 있을 텐데, 미흡한 품질로 이용에 불편을 드려서 무거운 마음입니다. 해당 클리너에게 청소 관련 피드백 및 재교육을 진행하여  이번과 같은 일이 다시 반복되지 않도록 조치할 예정입니다. 다시 한 번 사과드리며, 만족스러운 서비스로 고객님을 찾아뵐 수 있도록 노력하겠습니다. 피드백 감사합니다. 오늘도 좋은 하루 보내시길 바랍니다."
이영현,5,2020-05-30,2,반상회할때 어플 안내했어요. 저도 홈클리닝 서비스 많이 이용해봐서 웬만한 업체 다이용했지만 여기가 가장 좋았습니다.,"Miso, Inc.2020년 6월 1일안녕하세요, 이영현 고객님. 가장 좋은 서비스, 미소 입니다. :) 저희 미소 홈클리닝 서비스를 이용해 주셔서 감사합니다. 반상회에서 미소를 추천해 주신 고객님에게 부끄럽지 않도록 오늘도 저희는 최선을 다하고 있습니다. 미소는 합리적인 가격으로 양질의 서비스를 제공하여, 우리 모두의 일상이 행복해 지도록 노력하고 있습니다. 앞으로도 번거로운 청소일은 미소에 맡기시고, 여가와 행복을 즐기면서 미소 지으시는 일만 가득하길 바랍니다. 코로나 19가 유행인 가운데, 건강에 유의하시기 바라며, 오늘도 좋은 하루 보내세요. :) 감사합니다 ^_^"
윤윤장호,5,2020-05-29,2,집안청소 할 시간도 안나고 이모님처럼 깔끔하게도 못하고 ㅠㅠ 그래서 이용하게 되었는데요 . 이모님이 찐 전문가여서 ㅋㅋ 정말 잘해주시긴 해요,"Miso, Inc.2020년 6월 1일안녕하세요, 윤윤장호 고객님. 미소를 이용해 주셔서 감사합니다. 퇴근하고 깔끔하게 정리된 집에 돌아오면 기분이 상쾌하지요. 미소를 통해 고객님의 일상이 조금이나마 여유로워지셨기를 바랍니다. 모든 고객님께서 미소 서비스에 만족할 수 있도록 클리너님들도, 서비스 품질도 항상 심혈을 기울이고 있습니다. 앞으로도 믿을 수 있는 서비스를 제공하기 위해 더욱 노력하는 미소가 되도록 하겠습니다. 코로나 19가 유행인 가운데, 건강에 유의하시기 바라며, 오늘도 좋은 하루 보내세요. 감사합니다. ^_^"
동진박,5,2020-06-22,0,청소 어플중에서 미소가 가장 낫더라고요 . 다른곳과 달리 스케줄 정하는것도 편하고 결제 방법도 간편 하네요,
김김민수,5,2020-06-06,0,청소 업체중에서 미소가 가장 괜찮았습니다 . 결제 부분도 그렇고 금액적인 부분도 상당히 유리 하네요,"Miso, Inc.2020년 6월 10일안녕하세요, 김김민수 고객님. 장점 많은 서비스, 미소 입니다. :)  미소 서비스를 이용해 주셔서 감사합니다. 미소는 합리적인 가격으로 우수한 서비스를 제공하여, 우리 모두의 일상이 행복할 수 있도록 노력하고 있습니다. 고객님의 편리한 이용을 위해서 카드 결제 (카드는 한번만 등록하시면 되시며, 나이스 페이에 의해 안전하게 관리되고 있습니다.) 및 가상 계좌 입금, 모두 가능 하도록 하고 있습니다. 앞으로도 믿을 수 있는 서비스를 제공하기 위해 더욱 노력하는 미소가 되도록 하겠습니다. 코로나 19가 유행인 가운데, 건강에 유의하시기 바라며, 오늘도 좋은 하루 보내세요. 감사합니다. ^_^"
남자이창하,5,2020-05-26,14,깔끔하게 청소 잘해주셔서 감사합니다 스케줄도 맞춰서 잘 와주시고 마무리까지 완벽 했습니다 . 100 점 만점중에 저는 한 95 점 드리고 싶네요 ^^ 저도 이거 아랫집에서 추천 받아서 이용해본거였는데 제일 장점인게 뭐냐면 주말에 청소로 시간을 안잡아먹어도 된다는거에요 ㅠㅠ 맞벌이라 청소 때문에 스트레스 많았는데 이게 좀 도움이 되네요,"Miso, Inc.2020년 5월 28일안녕하세요, 남자이창하 고객님. 마무리까지 완벽한 미소입니다. :) 미소를 이용해 주셔서 감사합니다. 맞벌이 하시느라 바쁘실 고객님의 일을 덜어 드릴 수 있어서 진심으로 기쁩니다. 미소는 합리적인 가격으로 양질의 서비스를 제공하여, 우리 모두의 일상이 행복해 지도록 노력하고 있습니다. 앞으로도 번거로운 청소일은 미소에 맡기시고, 가족들과 여가와 행복을 즐기면서 미소 지으시는 일만 가득하길 바랍니다. 코로나 19가 유행인 가운데, 건강에 유의하시기 바라며, 오늘도 좋은 하루 보내세요. :) 감사합니다 ^_^"
배성희,5,2020-06-11,1,옆집이 쓰고 있어서 저도 이용해보게 되었고요 청소 잘 받았습니다 ㅎ 스케줄 잡으니까 알아서 잘 와주시고 이것저것 정리랑 청소 해주셨네요 처음 이용해보고선 주말에 여유롭게 보냈 습니다 !! 맞벌이 부부에겐 선택이 아니라 필수인듯 ^^ 괜찮게 잘 해주시고 하니까 부모님집도 한번 신청 해드리고요 저희는 1 달에 2 회 정도 꾸준히 사용할려고요 . 요번에 청소 해주시는거 보고 저희가 하는거 보다 여기서 해주시는게 100 배 더 낫겠다 생각이 들어서 ^^,"Miso, Inc.2020년 6월 19일안녕하세요, 배성희 고객님. 미소를 이용해 주셔서 감사합니다. 맞벌이 하시느라 바쁘실텐데, 미소 서비스를 통해 고객님의 일상이 조금이나마 여유로워지셨기를 바랍니다. 고객님의 기대에 부응할 수 있도록, 저희는 오늘도 최선을 다하고 있습니다. 정기 청소 신청은 미소 어플 혹은 실시간 문의에서 신청 가능 합니다. 방문하셨던 클리너님과 정기 청소 원하시면 미소 실시간 문의로 가능 여부 확인 부탁 드립니다. 코로나 19가 유행인 가운데, 건강에 유의하시기 바랍니다. 오늘도 좋은 하루 보내세요. :) 감사합니다 ^_^"
김동현,5,2020-06-18,0,청소 업체중에서 미소가 가장 신뢰적이더라고요 . 잘해주시는것도 잘 해주시지만 마무리까지 완벽 해요,"Miso, Inc.2020년 6월 22일안녕하세요, 김동현 고객님. 마무리까지 완벽한 미소 입니다. :) 저희 미소 서비스를 이용해 주셔서 감사합니다. 미소는 합리적인 가격과 서비스 제공 시간 다양화 등을 통해서, 더 좋은 서비스를 제공해 드리고자 오늘도 노력하고 있습니다. 추후, 청소 서비스가 다시 필요하시면 또 찾아 주세요. 코로나 19가 유행인 가운데, 건강에 유의하시기 바라며, 오늘도 좋은 하루 보내세요 ^_^ 감사합니다. :)"
Agwa Dr.,1,2020-06-02,1,3시간해놓고 10시에 오기로했는데 전화를 못받아서 10시27분에 연락온거 확인했더니 20분 대기하다 돌아갔다길래 알겠다했더니 다음날 전액 다나가네요? 3시간 대기하던가 20분대하고 그냥 4만 얼마를 벌어가버리네ㅋㅋ다시와서 청소해주던가 아니면 돈내놓으셔요 본사가서 다부시기전에,"Miso, Inc.2020년 6월 2일안녕하세요, Agwa Dr. 고객님. 미소 서비스 이용에 불편을 드려서 죄송합니다. 고객님께서 미소에 출입방법을 사전에 따로 전달해 주시지 않은 경우, 클리너님께서 고객님 댁에 도착 하셨을 때 전화 연락이 바로 안되거나, 문이 안 열리면 20분 가량 대기 하고 있습니다. 고객님께서 겪으신 불편함을 직접 도와드리고 싶지만 플레이스토어의 특성상 고객님의 정보를 정확하게 알기 어렵습니다. 번거로우시겠지만, 미소 실시간 문의로 사안과 고객님 성함 및 연락처를 남겨주시면 신속하게 확인 하겠습니다. 코로나19가 유행하는 가운데, 건강 조심하시기 바랍니다. 감사합니다."
강한선,1,2020-06-16,0,"이사하려는 집에 방충망이 없는 방이 있어서 작은 사이즈도 시공가능한지 먼저 적어놓고 신청했는데요 얼마든지 시간될것처럼 말씀하시고서 막상 사진보내고 가능한시간 말씀드리고, 견적 요청드렸더니 위치랑 시간이 언젠지 물어보고 조율하는 것도 없이 일정확인해볼게요 이렇게만 보내고 연락이 없으시네요.. 돈이 안되서 그런식으로 제끼시는건가요? 차라리 그럴듯한 핑계라도 대시면서 어렵다 라거나 그날 그 근처 다른건수가 들어오는지 좀 봐야한다 이러셨으면 다른업체라도 알아보던지 기다리던지 했을텐데 좀 많이 불쾌했어요 나름 제입장에선 절실했어서 그런건데","Miso, Inc.2020년 6월 17일안녕하세요, 강한선 고객님. 고객님. 미소 서비스 이용에 불편을 드려서 죄송합니다. 날도 점점 더워져서, 날벌레가 걱정되는 계절에 방충망 시공을 위해서 미소에 연락 주셨는데 성수기 주문 폭주로 인해서 답변 등이 지연되어서 진심으로 죄송합니다.  연락이 없어서 계속 기다리셨을 고객님을 생각하니 마음이 너무나 무겁습니다. 고객님께서 겪으신 불편함을 직접 도와드리고 싶으나 스토어 댓글로는 고객님 정보 확인이 안 됩니다. 번거로우시겠지만 미소 실시간 문의로 불만족스러웠던 사안과 고객님 성함 및 연락처를 남겨주시면 신속하게 확인하겠습니다. 고객님의 불편에 다시 한 번 사과드립니다. 피드백 감사합니다."
한솔TV,1,2020-06-17,0,취소됐다어쨌다 말도없고 채팅에 답도없고 오도가도않고 마냥 기다리다 결국 여기에글남기게되네요 미소는 무슨 출근해야하는데 진짜 이런 경우 처음이에요,"Miso, Inc.2020년 6월 17일안녕하세요, 한솔TV 고객님. 미소 이용에 불편을 드려서 죄송합니다. 성수기 주문 폭주로 인해서 실시간 문의 답변이 지연되어, 출근하셔야 하는데  답답하셨을 고객님을 생각하니 마음이 무겁습니다.  혹시 지금도 해결되지 않으셨다면 번거로우시겠지만 실시간 문의로 다시 한 번 연락 부탁 드립니다. 다시 한 번 사과드리며, 만족스러운 서비스로 고객님을 찾아뵐 수 있도록 노력하겠습니다."
김도희,5,2020-06-09,0,아래집 301 호가 쓰길래 저도 한번 이용해보게 되었는데요 . 가격도 저렴하고 스케줄에 맞춰서 딱딱 진행 해주셔서 감사 리뷰 적습니다 . 제가 말씀 안드려도 꼼꼼하게 정리 해주시고 청소 해주셔서 앞으로 월 3 회는 정기적으로 이용해볼까 생각중이네요 . 무튼 요번에 서비스 이용해본건데. 너무 만족스럽게 해주셔서 ㅎㅎ 요번 청소는 너무 감사합니다,"Miso, Inc.2020년 6월 19일안녕하세요, 김도희 고객님. 미소를 이용해 주셔서 감사합니다. 깔끔하게 정리된 집에 들어서면 기분이 좋지요 ^_^ 미소는 고객님께서 특별히 신경 쓰지 않으시더라도, 서비스를 원활하게 제공해 드리는 것을 지향하고 있습니다. 미소는 고객님의 생활을 더 편하고 쉽게 만들기 위해서 오늘도 노력하고 있습니다. 미소는 시간제 서비스로, 시간 관리와 고객 만족을 위해서 서비스 품질도, 클리너님들도 항상 최선을 다해 노력하고 있습니다. 고객님의 칭찬에 만족하지 않고 앞으로도 최선을 다하는 미소가 되도록 하겠습니다. 코로나 19가 유행인 가운데, 건강에 유의하시기 바라며, 오늘도 좋은 하루 보내세요 ^_^ 감사합니다. :)"
dbflzk k,1,2020-06-13,0,크리너는 만족스러웠으나 미소앱과 프로세스에 대해 불만이많아 다음에는 사용하지않을 예정임.,"Miso, Inc.2020년 6월 15일안녕하세요,  dbflzk k 고객님. 미소 이용에 불편을 드려서 죄송합니다. 고객님의 편의를 위해서 앱은 간편하게 구성되어 있는 점 양해 부탁 드립니다. 혹시, 어플 사용시 어떠한 점이 불편하신지 미소 실시간 문의로 말씀해 주시면, 고객님의  의견이 반영될 수 있도록 노력하겠습니다. 만족스러운 이용을 위해 최선을 다하는 미소가 되겠습니다. 피드백 감사합니다. ^_^"
심원보,5,2020-06-17,0,"기사님 친절, 꼼꼼! 하나하나 다 설명해주시고 욕실 슬리퍼까지 챙겨오신 세심함에 놀랐습니다.^^","Miso, Inc.2020년 6월 19일안녕하세요, 심원보 고객님. 세심한 서비스 미소 입니다. :)  저희 미소 서비스를 이용해 주셔서 감사합니다. 미소를 통해 고객님의 일상이 조금이나마 여유로워지셨다면, 기쁜 마음입니다 ^_^  저희 미소에서는 에어컨청소, 세탁기 청소, 생활청소 가사도우미 서비스, 세차 서비스 등을 제공하고 있으니 많은 사랑 부탁 드립니다. 앞으로도 번거로운 청소 일은 미소에 맡기시고, 여가와 행복을 즐기면서 미소 지으시는 일만 가득하길 바랍니다. 청소가 필요할 때는 미소를 기억해주세요~ 코로나 19가 유행인 가운데, 건강에 유의하시기 바라며, 오늘도 좋은 하루 보내세요 ^_^ 감사합니다. :)"
김동근,5,2020-06-04,0,이거 이용하고선 집안일이 반으로 줄었네요 . 청소 꼼꼼히 잘 해주시고요 특히 마무리까지 깔끔하니까 군더더기가 없더라고요,"Miso, Inc.2020년 6월 10일안녕하세요, 김동근 고객님. 군더더기 없는 서비스 미소입니다. :) 미소 서비스를 이용해 주셔서 감사합니다. 미소는 고객님의 생활을 더 편하고 쉽게 만들기 위해서 오늘도 노력하고 있습니다. 청소가 필요할 때는 미소를 기억해주세요.  코로나 19가 유행인 가운데, 건강에 유의하시기 바라며, 오늘도 좋은 하루 보내세요 ^_^ 감사합니다. :)"
Ryder Kim,5,2020-05-27,2,"스케줄 예약, 카드결제 편하고 청소도 깔끔하게 처리해서 만족합니다.","Miso, Inc.2020년 5월 29일안녕하세요, Ryder Kim 고객님. 미소를 이용해 주셔서 감사합니다. 고객님의 편의를 위해서 앱은 최대한 간편하게 구성되어 있는데, 사용하시기 편하다고 하시니 저희 개발자들도 기쁩니다. ^^ 고객님의 편리한 이용을 위해서 카드 결제 (카드는 한번만 등록하시면 되시며, 나이스 페이에 의해 안전하게 관리되고 있습니다.) 및 가상 계좌 입금, 모두 가능 하도록 하고 있습니다.  앞으로도 번거로운 청소일은 미소에 맡기시고, 여가와 행복을 즐기면서 미소 지으시는 일만 가득하길 바랍니다.  코로나 19가 유행인 가운데, 건강에 유의하시기 바랍니다. 오늘도 좋은 하루 보내세요. :) 감사합니다 ^_^"
버리TV리커,5,2020-06-02,1,클리너분들 진짜 친절해요. 다른곳이용했다가 결국 미소로 다시 이용하게되네요.,"Miso, Inc.2020년 6월 3일안녕하세요, 버리TV리커 고객님. 친절한 서비스 미소 입니다.  미소를 다시 찾아 주셔서 감사합니다. 앞으로도 번거로운 청소일은 미소에 맡기시고, 여가와 행복을 즐기면서 미소 지으시는 일만 가득하길 바랍니다. 미소는 고객님의 생활을 더 편하고 쉽게 만들기 위해서 오늘도 노력하고 있습니다. 코로나 19가 유행인 가운데, 건강에 유의하시기 바랍니다. 오늘도 좋은 하루 보내세요 :) 감사합니다 ^_^"
유수연,1,2020-05-11,12,"예약 변경 하고 나서 부재중일때 전화 받아야 하는거 전혀 생각 못하고 있다가 전액 취소수수료로 결제 된다고 문자가 와있었습니다. 너무 황당해서 고객센터에 전화했더니 팀장이라는 사람이 전화를 해서 미소쪽에는 100프로 잘못이 없답니다. 그래서 돈을 내긴 하겠는데 예약 시간에 부재중이면 미리 알려줘야 한다거나, 전화를 했는데 못받는 경우 취소가 되고 수수료도 100프로 라는 사실을 충분히 알려주지 않았기 때문에 그런 점을 인지하지 못해서 억울했다. 라고 이야기하니까 그건 제 주관적인 생각이고, 자기네는 잘못한게 없기때문에 억울하다 하면 안된다더군요. 분명히 저도 공격 적인 말투였지만 이십분 전화 못받은걸로 돈이 그냥 날라갔는데 안 속상 한 사람 어디있겠습니까.. 여기 고객센터 때문에 다시는 이용 안할것 같아서 탈퇴 할려고 봣더니 앱에 탈퇴기능도 찾을 수 없고 개인정보 삭제도 못하네요. 진짜 편하자고 신청 한 서비스인데 오늘 하루가 이서비스로 인해서 불행해진 느낌입니다.","Miso, Inc.2020년 5월 12일안녕하세요, 유수연 고객님. 미소 서비스 이용에 불편을 드려서 죄송합니다. 고객님께서 미소에 출입방법을 따로 전달해 주시지 않은 경우, 클리너님께서 고객님 댁에 도착 하셨을 때 전화 연락이 바로 안되거나, 문이 안 열리면 20분 가량 대기 하고 있습니다. 개인 정보 삭제 관련 고객님께서 겪으신 불편함을 직접 도와드리고 싶지만 플레이스토어의 특성상 고객님의 정보를 정확하게 확인하기 어렵습니다. 번거로우시겠지만, 미소 실시간 문의로 사안과 고객님 성함 및 연락처를 남겨주시면 신속하게 확인 하겠습니다. 코로나19가 유행하는 가운데, 건강 조심하시기 바랍니다. 감사합니다."
음음기태,5,2020-06-03,0,막 뭔가 양식같은거없이 채팅으로 필요한것만 말해서 예약하다보니 ㅋㅋ 진짜 편합니다.,"Miso, Inc.2020년 6월 4일안녕하세요, 음음기태 고객님. 미소를 이용해 주셔서 감사합니다. 고객님의 편의를 위해서 앱은 최대한 간편하게 구성되어 있는데, 사용하시기 편하다고 하시니 저희 개발자들도 기쁩니다 ^_^ 미소를 통해서 고객님의 일을 덜어 드릴 수 있어서 보람을 느낍니다. 미소는 모두의 일상이 행복해지도록 노력하고 있습니다. 앞으로도 번거로운 청소일은 미소에 맡기시고, 여가와 행복을 즐기면서 미소 지으시는 일만 가득하길 바랍니다. 코로나 19가 유행인 가운데, 건강에 유의하시기 바랍니다. 오늘도 좋은 하루 되세요 ^^"
서형우,5,2020-06-22,0,저렴하기도 하고 . 청소를 완벽 하게 해주시다보니까 자주 애용하고 있는 업체에요,
한지혀,5,2020-04-21,22,청소잘 해주시네요 특히 이업체 특징이 . 시간 약속도 잘 지켜주시고 카드 결제 해놓으면 간편하게 처리 된다는 점이에요 . 가성비 좋고요 . 저희도 맞벌이에 아기 키우는 입장이라 청소에 대해 굉장히 소흘하고 10 일 에 한번 할까 말까인데 .. 여기 이용하고나서부턴 무조건 1 주일에 1 회는 꼭 청소 받고 있습니다,"Miso, Inc.2020년 4월 23일안녕하세요, 한지혀고객님. 미소를 이용해 주셔서 감사합니다. 육아와 맞벌이로 바쁘실 고객님께 조금이나마 여유를 드릴 수 있어서, 미소는 오늘도 보람을 느끼고 있습니다. 저희 미소 생활청소는 시간제 서비스로, 효율적인 청소 시간 관리와 고객 만족을 위해서 서비스 품질도, 클리너님들도 항상 최선을 다해 노력하고 있습니다. 오늘 받은 고객님의 칭찬에 만족하지 않고 앞으로도 최선을 다하는 미소가 되도록 하겠습니다. 코로나 19가 유행인 가운데, 건강에 유의하시기 바랍니다. 오늘도 좋은 하루 보내세요 . 감사합니다 :)"
윤정훈,5,2020-05-25,5,카드 결제 가능한점 그리고 결제도 간편한점 .. 스케줄 잡기도 편한점 등등 앱 자체가 쓰기데 있어서 편리했습니다,"Miso, Inc.2020년 5월 28일안녕하세요, 윤정훈 고객님. 편리한 서비스, 미소입니다. :) 저희 미소 서비스를 이용해 주셔서 감사합니다. 고객님의 편의를 위해서 앱은 최대한 간편하게 구성되어 있는데, 사용하시기 편하다고 하시니 저희 개발자들도 기쁩니다. 편리하고 간편한 이용을 위해서, 카드 결제 (카드는 한 번만 등록해주시면 되며, 카드 정보는 나이스페이에 의해서 안전하게 관리됩니다.) 및 가상 계좌 이용 모두 가능 하도록 하고 있습니다. 앞으로도 믿을 수 있는 서비스를 제공하기 위해 더욱 노력하는 미소가 되도록 하겠습니다. 코로나 19가 유행인 가운데, 건강에 유의하시기 바라며, 오늘도 좋은 하루 보내세요. 감사합니다. ^_^"
심예빈,5,2020-05-26,3,예전엔 이런거 쓰는거 사치라 생각 했는데 청소 퀄리티며 가격 적인 부분으로 보자면 전혀 사치 스러운게 아니였음 . 전 주말에 시간 많이 생겼어요 ㅎㅎ,"Miso, Inc.2020년 5월 28일안녕하세요, 심예빈 고객님. 미소를 이용해 주셔서 감사합니다. 미소를 통해 고객님의 일상이 조금이나마 여유로워지셨기를 바랍니다. 미소는 합리적인 가격과 클리너님 관리 등을 통해서, 더 좋은 서비스를 제공해 드리고자 오늘도 노력하고 있습니다. 청소가 필요 하실 때에는 미소를 기억해주세요.  앞으로도 번거로운 청소일은 미소에 맡기시고, 가족들과 여가와 행복을 즐기면서 미소 지으시는 일만 가득하길 바랍니다.  코로나 19가 유행인 가운데, 건강에 유의하시기 바랍니다. 오늘도 좋은 하루 보내세요. ^^ 감사합니다. :)"
강대훈,5,2020-06-05,0,이제 청소는 미소에다가 맡길생각입니다. 총 3 회 이용해봤는데 단한번도 헛투로 한적이없어서 고정으로 맡길 생각이에요.,"Miso, Inc.2020년 6월 10일안녕하세요, 강대훈 고객님. 미소를 이용해 주셔서 감사합니다. 이렇게 마음에 드신다고 말씀 주시니, 저희는 오늘도 보람을 느낍니다. 미소는 고객님께서 특별히 신경 쓰지 않으시더라도, 미소 서비스를 원활하게 제공해 드리는 것을 지향하고 있습니다. 저희는 고객님의 일상에 필요한 모든것을 쉽고 간편하게 만들어나가기 위해 항상 노력하고 있습니다. 앞으로도 번거로운 청소일은 미소에 맡기시고, 여가와 행복을 즐기면서 미소 지으시는 일만 가득하길 바랍니다. 코로나 19가 유행인 가운데, 건강에 유의하시기 바라며, 오늘도 좋은 하루 보내세요. 감사합니다 :)"
이진규,5,2020-06-11,0,청소 업체는 미소가 가장 괜찮네요 스케줄 관리도 잘 해주시고 정말 마음에 듭니다 .,
박예은,5,2020-06-09,3,결제 시스템도 간단하고 청소 마무리도 잘 해주시고 이래저래 잘 쓰고 있습니다,
이경언,4,2020-06-07,0,오신 도우미는 아주좋았으나 어플이 자꾸 꺼지고 에러가 납니다. 그나마 고객센터의 대응이 원활했기에 괜찮았습니다,
인소연,5,2020-06-17,0,미소 통해서 청소 서비스 잘 이용중인 회원입니다 . 청소 깔끔하게 되는거 보니까 마음이 참 편해지네요,
Heewon Baek,5,2020-04-20,20,미소로 인해서 집청소 정말 깔끔하게 잘 했습니다 . 저도 이런곳 별로 일줄 알았거든요 . 솔직히 좀 사치 스럽다 이런 생각정도였는데 막상 서비스 이용해보고 가겨에 또 놀랐습니다 . 너무 잘 해주셔서 깜짝 놀랬고요 . 앞으로 청소는 이쪽에다가 맡겨서 전적으로 진행 할려고 합니다 미소 서비스 감사해요 ^^,"Miso, Inc.2020년 4월 23일안녕하세요, Heewon Baek 고객님. 미소를 이용해 주셔서 감사합니다. 미소는 합리적인 가격으로 우수한 청소 서비스를 제공하여, 모두의 일상이 행복해지도록 노력하고 있습니다. 저희는 고객님의 일상에 필요한 모든것을 쉽고 간편하게 만들어나가기 위해 항상 노력하고 있습니다. 앞으로도 번거로운 청소일은 미소에 맡기시고, 여가와 행복을 즐기면서 미소 지으시는 일만 가득하길 바랍니다. 코로나 19가 유행인 가운데, 건강에 유의하시기 바라며, 오늘도 좋은 하루 보내세요. 감사합니다 :)"
유송창,5,2020-05-15,6,"미소어플 평가가 좋아서 가사도우미 청소를 처음 이용해보았습니다. 요청사항이 여러 개 있었는데도 불구하고, 클리너께서 정말 꼼꼼하게 청소해주셨습니다. 집이 깨끗하니 기분이 참 좋네요... 진짜 제가 직접 하는 청소와 확실히 틀리네요. 가성비가 좋아서 다음에도 계속 이용할 것 같습니다. 다음에도 깨끗하게 청소해주시면 좋겠어요... 클리너님 감사드립니다 !! 별 5 점 드립니다","Miso, Inc.2020년 5월 20일안녕하세요, 유송창 고객님. 미소를 이용해 주셔서 감사합니다. 미소 서비스를 받으시고 기분이 좋다고 말씀 주시니, 고객님의 칭찬에 더 좋은 서비스로 보답하고 싶은 마음 뿐입니다. 미소는 합리적인 가격으로 양질의 서비스를 제공하여, 우리 모두의 일상이 행복해 지도록 노력하고 있습니다. 청소가 필요할 때는 미소를 기억해주세요~ 코로나 19가 유행인 가운데, 건강에 유의하시기 바라며, 오늘도 좋은 하루 보내세요 ^_^ 감사합니다. :)"
Jh K,5,2020-05-15,5,미소가 청소 참 잘 해주시네요 ~ 저도 청소 맡기고 이런 스타일도 아니고 돈도 잘 안쓰는 스타일인데 ㅎㅎ 한번 이용맡기고 나서 부터 생각이 180 도로 바뀌었네요 . 청소 전문가라 그런지 디테일도 그렇고 퀄리티도 너무 좋습니다 가성비 좋은 서비스 ㅎㅎ ?? 앞으로도 청소 종종 여기다 맡길 생각 이고요 . 덕분에 주말에 편하게 잘 쉬웠네요 ㅎㅎ 고마워도 미소,"Miso, Inc.2020년 5월 21일안녕하세요, Jh K 고객님. 디테일과 퀄리티가 좋은 미소 입니다. :) 미소를 이용해 주셔서 감사합니다. 미소 서비스를 받으시고 주말에 편히 쉬신다고 말씀하시니, 저희는 오늘도 보람을 느낍니다. 미소는 고객님께서 특별히 신경 쓰지 않으시더라도, 미소 서비스를 원활하게 제공해 드리는 것을 지향하고 있습니다. 저희는 고객님의 일상에 필요한 모든것을 쉽고 간편하게 만들어나가기 위해 항상 노력하고 있습니다. 앞으로도 번거로운 청소일은 미소에 맡기시고, 여가와 행복을 즐기면서 미소 지으시는 일만 가득하길 바랍니다. 코로나 19가 유행인 가운데, 건강에 유의하시기 바라며, 오늘도 좋은 하루 보내세요. 감사합니다 :)"
석수환,5,2020-06-01,1,이정도 금액에 이정도로 청소 해주시다니 . 가격에 놀라고 간편함에 또 놀랐습니다 .,"Miso, Inc.2020년 6월 3일안녕하세요, 석수환 고객님. 미소를 이용해 주셔서 감사합니다. 고객님의 칭찬에 더 좋은 서비스로 보답하고 싶은 마음 뿐입니다. 미소를 통해 고객님의 일상이 조금이나마 여유로워지셨기를 바랍니다. 모든 고객님께서 미소 서비스에 만족할 수 있도록 클리너님들도, 서비스 품질도 항상 심혈을 기울이고 있습니다. 앞으로도 믿을 수 있는 서비스를 제공하기 위해 더욱 노력하는 미소가 되도록 하겠습니다. 코로나 19가 유행인 가운데, 건강에 유의하시기 바라며, 오늘도 좋은 하루 보내세요. 감사합니다. ^_^"
RichRich Rich,5,2020-06-19,0,금액도 적당 하고 . 스케줄 잡는 방법등 간편해서 앞으로 미소만 쭈욱 쓸려고요,
황지연,3,2020-05-01,11,처음 사용해보는데 앱이 불편한점이 너무 많네요 청소전에 어떻게 자세히 문의를 할 수 있는곳이 있으면 좋을텐데 전혀 없네요. 방문전에 문자서비스라던지 전화라던지 오면 더 좋을것 같구요 이모님들은 교육을 받거나 하신건 아니고 그냥 일반인이신것 같네요. 나이가 많으신 이모님이 오셔서 참견드리기 뭐해서 그냥 두었더니 건식 화장실을 온통 물바다로 만들어 난감하네요 미소라는 이름을 걸고 만든곳인데 기본교육은 받는게 좋을듯 싶네요 이니고 기본교육을 했다라면 더 좀 관리를 하셔야할 것 같아보여요.,"Miso, Inc.2020년 5월 4일안녕하세요, 황지연 고객님. 이용에 불편을 드려서 죄송합니다. 예약하신 일정을 안내해 드리기 위해서, 서비스 하루 전 날 오후 5시 경에 일괄적으로 안내 메세지를 보내드리고 있는데 혹시 이 메세지로 부족 하셨는지요 ? 미소에서는 모든 클리너님께서 만족스러운 서비스를 제공하도록 하려하는데 그러지 못했던 점 진심으로 죄송합니다. 고객님의 불편함을 바로 도와드리고 싶지만 플레이스토어 정책상 고객님의 정보를 확인할 수 없습니다. 번거로우시겠지만, 미소 어플 실시간 문의로 연락해 주시면 해당 클리너에게 청소 관련 피드백 및 재교육으로 고객님께 더 나은 서비스를 제공해드리는 방안을 최선을 다해 모색하겠습니다. 감사합니다. :)"
Hwanyoung Choe,1,2020-05-08,28,"덩어리 먼지가 구석에 그대로있고 테이블에 끈적한 먼지가 그대로 남아있는데...청소 상태가 미흡하다고 일일이 다 사진 찍어보내도 ""클리너가 놀고 간건 아니니 일부만 환불해 드리겠습니다."" 라는 대응이 전부인 업체입니다. 2번이나 클리너 바꿨는데 꼼꼼한 청소는 기대하기 힘들고 본인이 평소에 적당히 후딱 하는 청소정도 생각하시는 분이면 만족 하실 것같네요. 편하려고 부른 서비스인데 서비스 후 미흡한 부분 찾아서 스스로 더 꼼꼼하게 청소하게 되는게 아이러니네요. 꼼꼼한 청소를 원하시면 다른 업체알아보시는게 빠를것같네요! 공식적으로도 일상 청소만 하고있다고 답변받았습니다. 저는 꼼꼼한 청소를 원해서 낮은 별점 드립니다!","Miso, Inc.2020년 5월 11일안녕하세요, Hwanyoung Choe 고객님. 미소 생활청소 서비스 이용에 불편을 드려서 죄송합니다. 미소 서비스를 주문 하셨을 때, 기대하신 바가 있으셨을 텐데, 미흡한 품질로 이용에 불편을 드려서 죄송합니다. 고객님에게 만족스러운 서비스를 제공해드리지 못해 무거운 마음입니다. 미소는 우수한 청소 서비스를 위해 클리너님의 확인, 교육, 평가, 관리 등을 진행하고 있지만 사람과 사람을 연결하는 서비스인만큼 예상치못한 경우도 발생하게 됩니다. 이 같은 단점을 보완하기 위해 꾸준히 고객님의 말씀에 귀기울이고 있으며, 모든 고객님들을 만족시킬 수 있는 그날까지 끊임없이 노력하는 미소가 되겠습니다. 다시 한 번 사과드립니다."
이은혜,5,2020-05-19,5,"청소 서비스 처음 받아보네요 ㅎㅎ 결제도 쉽고 청소 스케줄 잡기도 편하고 이래저래 잘 이용중입니다 . 맞벌이 부부라 청소를 주말밖에 못하니까 주말엔 어디 못나가고 집안 청소 하느라 주말 다보내니까 ㅠㅠ 피곤 했거든요 . 청소도 솔직히 잘 마무릴 못지으니까 .. 그래서 이용하게 된건데요 가격 , 청소 디테일 등등 다 만족 합니다","Miso, Inc.2020년 5월 21일안녕하세요, 이은혜 고객님. 미소를 이용해 주셔서 감사합니다. 맞벌이 하시느라 바쁘실 고객님의 일을 덜어드릴 수 있어서 기쁩니다. 미소는 합리적인 가격으로 양질의 서비스를 제공하여, 우리 모두의 일상이 행복해 지도록 노력하고 있습니다. 청소가 다시 필요 하시면 미소를 찾아주세요 ^^ 미소는 고객님의 생활을 더 편하고 쉽게 만들기 위해서 오늘도 노력하고 있습니다.  코로나 19가 유행인 가운데, 건강에 유의하시기 바라며, 오늘도 좋은 하루 보내세요 ^_^ 감사합니다 :)"
최민규,5,2020-06-06,3,청소 마무리 완벽 하네요 ㅎㅎ 스케줄에 맞춰서 잘 와주시고 잘 마무리 까지 잘 해주십니다 .,
깡슬기[레베럽],5,2020-04-18,6,"집안청소에 대해 전혀 신경을 못쓰고 있을때 . 알게된 앱이라 너무 감사하고 .. 잘 쓰고 있어요 ㅎ 가성비 좋고 .. 이모님이 상당히 친절하신 까닭에 .. 정기적으로 이용할려고 생각하고 있고요 . 청소 , 그리고 서비스 다 만족 합니다 ^^ 저희 부모님도 연세가 좀 있으셔서 청소 하기 어려우시니까 이거 같이 신청 해드릴려고 하네요 ~ 잘 쓸게요 ㅎ","Miso, Inc.2020년 4월 22일안녕하세요, 깡슬기[레베럽] 고객님. 미소를 이용해 주셔서 감사합니다. 바쁘신 고객님에게 여유를 드릴 수 있어서, 저희는 기쁘게 일하고 있습니다. 미소는 합리적인 가격으로 양질의 서비스를 제공하여, 우리 모두의 일상이 행복해지도록 노력하고 있습니다. 부모님께 미소를 추천해 주신 고객님에게 부끄럽지 않도록 오늘도 저희는 취선을 다하고 있습니다. 정기 청소 신청은 미소 어플 혹은 실시간 문의에서 신청 가능 합니다. 방문하셨던 클리너님과 정기 청소 원하시면 미소 실시간 문의로 가능 여부 확인 부탁 드립니다. 코로나 19가 유행인 가운데, 건강에 유의하시기 바랍니다. 오늘도 좋은 하루 보내세요. :) 감사합니다 ^_^"
송승원Bsbs,5,2020-05-19,4,주위에서도 많이 사용중이고 평이 좋아서 이용해보게 되었고요 첫 이용 해봤는데 너무 인상적이어서 ㅎㅎ 앞으로 자주 이용할려고요 이모님께서 청소도 깔끔하게 잘해주신것도 감사하지만 제집처럼 꼼꼼하게 청소 해주시는 모습에 신뢰감이 100 % 들더라고요 . 앞으로 청소는 여기 통해서만 할거고요 ㅎㅎ 미소 감사합니다 .,"Miso, Inc.2020년 5월 21일안녕하세요, 송승원Bsbs 고객님. 인상적이고 신뢰가는 서비스, 미소 입니다. :) 미소를 이용해 주셔서 감사합니다. 앞으로 미소만 이용하실 거 라고 칭찬해 주시니, 저희는 더 좋은 서비스로 보답하고 싶습니다. 미소는 합리적인 가격으로 양질의 서비스를 제공하여, 우리 모두의 일상이 행복해 지도록 노력하고 있습니다. 청소가 필요할 때는 미소를 기억해주세요~ 코로나 19가 유행인 가운데, 건강에 유의하시기 바라며, 오늘도 좋은 하루 보내세요 ^_^ 감사합니다. :)"
박효신,5,2020-06-01,1,결제도 간단하고 서비스도 괜찮고 . 청소 이용잘 받았습니다 감사합니다,"Miso, Inc.2020년 6월 3일안녕하세요, 박효신 고객님. 미소를 이용해 주셔서 감사합니다. 고객님의 편리한 이용을 위해서 카드 결제 (카드는 한번만 등록하시면 되시며, 나이스 페이에 의해 안전하게 관리되고 있습니다.) 및 가상 계좌 입금, 모두 가능 하도록 하고 있습니다. 앞으로도 만족할 수 있는 서비스를 제공하기 위해 더욱 노력하는 미소가 되도록 하겠습니다. 코로나 19가 유행인 가운데, 건강에 유의하시기 바라며, 오늘도 좋은 하루 보내세요. 감사합니다. ^_^"
한명경,5,2020-06-03,0,뭐 할인받으려고 주변에 추천한건 아니지만. 정말 개인적으로 편하게 이용하고있어서 주변에 많이 알리고있네요,
강종민,5,2020-06-12,0,미소 청소 서비스 잘 이용중인 회원입니다 매번 꼼꼼하고 깔끔한 청소 감사합니다 .,
Bloom Bloom,5,2020-05-20,2,청소 업체 여러군데 이용해봤고요 미소 좋은점이 상당히 많더라고요 . 다른곳 이용하다가 미소로 갈아탔는데요 ㅎㅎ 일단 여기는 카드 등록 하고선 알아서 결제가 되니까 좀 편리했네요 제가 전에 썻던곳은 온니 현금이라 ㅠㅠ 그리고 이모님들도 전문가분들이시다보니까 알아서 꼼꼼히 잘 청소 해주시더라고요 ㅎㅎ 이용할만 헀어요,"Miso, Inc.2020년 5월 22일안녕하세요, Bloom Bloom 고객님. 쓸수록 장점이 많은 미소입니다. :) 미소 서비스를 이용해 주셔서 감사합니다. 깨끗한 집에 들어서면 기분이 상쾌하지요~ 저희는 고객님의 일을 덜어 드릴 수 있어서 기쁩니다. ^^ 고객님의 편리한 이용을 위해서  카드 결제 (카드는 한번만 등록하시면 되시며, 나이스 페이에 의해 안전하게 관리되고 있습니다.) 및 가상 계좌 입금, 모두 가능 하도록 하고 있습니다. 앞으로도 믿을 수 있는 서비스를 제공하기 위해 더욱 노력하는 미소가 되도록 하겠습니다. 코로나 19가 유행인 가운데, 건강에 유의하시기 바라며, 오늘도 좋은 하루 보내세요. 감사합니다. ^_^"
진은비,5,2020-05-27,2,맞벌이 부부고요 청소에 대해 스트레스도 많았고 시간적인 여유도 없었는데 이게 좀 도움이 되더라고요,"Miso, Inc.2020년 5월 29일안녕하세요, 진은비 고객님. 미소를 이용해 주셔서 감사합니다. 퇴근하고 깨끗한 집에 들어서면 기분이 상쾌하지요~ 맞벌이 하시느라 바쁘실텐데, 미소 서비스를 통해 고객님의 일상이 조금이나마 여유로워지셨기를 바랍니다. 고객님의 기대에 부응할 수 있도록, 저희는 오늘도 최선을 다하고 있습니다. 앞으로도 번거로운 청소일은 미소에 맡기시고, 여가와 행복을 즐기면서 미소 지으시는 일만 가득하길 바랍니다. 추후 청소 서비스가 다시 필요하시면 미소를 기억해 주세요 ^^ 코로나 19가 유행인 가운데, 건강에 유의하시기 바라며, 오늘도 좋은 하루 보내세요. 감사합니다. :)"
강주성,5,2020-06-08,0,청소 서비스 잘 이용중입니다 . 금액도 저렴하고 청소도 디테일 하게 잘 해주시네요,
정재현,5,2020-05-18,2,미소 이용잘 하고 있스니다 청소 서비스는 여기가 최상이네요 가격대비 좋다고 해야 하나요 ㅎㅎ 이정도 금액에 이정도로 서비스 받을 수있다니 .. 예전에 청소 서비스 이용자체가 좀 사치 스러웠으나 요즘은 가격도 많이 저렴하고 그만큼 청소 잘 해주시니까 돈 하나도 안아까웠네요 오히려 정기적으로 이용할려고 고려중입니다 ㅎㅎ 변함 없는 서비스만 유지해주시길 바랍니다,"Miso, Inc.2020년 5월 22일안녕하세요, 정재현 고객님. 미소를 이용해 주셔서 감사합니다. :) 정기 서비스를 고려하실 정도로 마음에 드셨다고 하시니, 더 좋은 서비스로 찾아뵙고 싶습니다. 미소는 합리적인 가격으로 양질의 서비스를 제공하여, 고객님의 일상이 편안해지도록 노력하고 있습니다. 모든 고객님께서 저희 서비스를 만족할 수 있도록 클리너님들도, 서비스 품질도 항상 심혈을 기울이고 있습니다. 방문하셨던 클리너님과 정기 청소 원하시면 미소 실시간 문의로 동일 클리너님의 재방문이 가능한지 여부 확인 부탁 드립니다. 코로나 19가 유행인 가운데, 건강에 유의하시기 바라며, 오늘도 좋은 하루 보내세요. ^_^ 감사합니다 :)"
여자장복순,5,2020-05-17,5,청소 잘 해주셔서 감사합니다 오랜만에 좋은 어플 이용해보네요 ^^ 생활 밀착 플랫폼 앱중에선 100 점 만점에 100 점이 아닐 까 생각이 드네요 저도 처음이용해봤는데요 . 청소를 너무 깔끔 하게 잘해주셔서 ㅎㅎ 앞으로 정기적으로 이용할까 고려 하고 있는 중이고요 . 이런 업체 진작 알았더라면 예전 부터 이용했을겁니다 . 다른거 다 제쳐두고 ㅋㅋ 청소 잘해주셔서 좋았고요 가성비 정말 괜찮더라고요,"Miso, Inc.2020년 5월 20일안녕하세요, 여자장복순 고객님. 100점 만점에 100점, 미소 입니다. :) 미소를 이용해 주셔서 감사합니다. 미소는 합리적인 가격과 클리너님 교육 및 관리 등을 통해서, 더 좋은 서비스를 제공해 드리고자 오늘도 노력하고 있습니다. 방문하셨던 클리너님과 정기 청소 원하시면 미소 실시간 문의로 가능 여부 확인 부탁 드립니다. 코로나 19가 유행인 가운데, 건강에 유의하시기 바랍니다. 오늘도 좋은 하루 보내세요. :) 감사합니다 ^_^"
이규진,5,2020-05-31,1,예약이 간편하고 원하는 날짜에 편하게 예약할수있어서 좋습니다.,"Miso, Inc.2020년 6월 3일안녕하세요, 이규진 고객님. 저희 미소 서비스를 이용해 주셔서 감사합니다. 고객님의 편리한 사용을 위해서 앱은 최대한 간편하게 구성되어 있는데, 사용하시기 편하다고 하시니 저희 개발자들도 기쁩니다. 고객님의 칭찬에 만족하지 않고 앞으로도 최선을 다하는 미소가 되도록 하겠습니다. :) 추후 생활청소가 필요 하실 때에는 미소를 기억해주세요. 코로나 19가 유행인 가운데, 건강에 유의하시기 바랍니다. 오늘도 좋은 하루 보내세요 . 감사합니다 :)"
최원철,5,2020-06-05,0,평수가 작아서 비용이 대체적으로 저렴하게 진행했는데 역시 전문가는 전문가네요.,
ANOMEL,2,2020-06-11,0,에어컨이 일체형이라고 물받이 청소를 못 했는데 그래서인지 청소 해도 냄새가 나네요.. 돈이 아까운,"Miso, Inc.2020년 6월 11일안녕하세요, ANOMEL 고객님. 미소를 믿고 이용해 주셨는데, 불만족스러운 경험을 하게 되셔서 죄송한 마음 뿐 입니다. 고객님께서 겪으신 불편함을 바로 도와드리고 싶지만, 플레이 스토어의 특성상 고객님의 정보 등을 확인하기 어렵습니다. 번거로우시겠지만, 미소 어플에 있는 실시간 문의로 불만족스러웠던 사안과 고객님 성함 및 연락처를 남겨주시면 신속하게 확인 도와드리겠습니다. 감사합니다. 오늘도 좋은 하루 되세요."
한진희,5,2020-06-10,0,맞벌이에 아이가 어려서 집 정리며 청소며 잘 못하고 지내는데 청소 한 번 해주시면 너무나 깨끗하고 좋습니다! 늘 감사한 마음이에요^^,
최유정,5,2020-05-18,4,미소 청소 서비스 정말 좋습니다 일단 별 5 점드립니다 . 개인적으로 청소 잘해주시는것도 감사하지만 생활 꿀팁도 알려주시고 제집처럼 꼼꼼하게 잘 해주시는모습에 감동 받았네요 . 저희는 맞벌이 부부라 주말에 주로 청소를 하는데 이걸 이용하고나서부터 주말에 시간도 많이 생기었습니다 . 청소를 워낙 잘해주시니까 정기적으로 이용중이고요,"Miso, Inc.2020년 5월 20일안녕하세요, 최유정 고객님. 만점 짜리 서비스, 미소 입니다. :)  맞벌이로 바쁘실 고객님께 조금이나마 여유를 드릴 수 있어서, 미소는 오늘도 보람을 느끼고 있습니다. 미소는 합리적인 가격으로 우수한 서비스를 제공하여, 우리 모두의 일상이 행복할 수 있도록 노력하고 있습니다. 앞으로도 번거로운 청소일은 미소에 맡기시고, 여가와 행복을 즐기면서 미소 지으시는 일만 가득하길 바랍니다. 코로나 19가 유행인 가운데, 건강에 유의하시기 바라며, 오늘도 좋은 하루 보내세요. 감사합니다 ^_^"
chris Seo,1,2020-05-15,9,이거 카드등록 안해도 진행되며(후불) 어떤 크리너가 배치된것도 모르게 20분전에 집앞에서 전화합니다. 내가 크리너를 고를 수 없어요. 사용할때 유의하세요. 전 카드등록 안해서 취소된줄 알았는데 크리너 배정된줄도 모르고 있다가 위약금 2만원 물었습니다.,"Miso, Inc.2020년 5월 15일안녕하세요, chris Seo고객님. 이용에 불편을 드려서 죄송합니다. 미소 가사도우미는 '후결제' 서비스입니다. 결제는 서비스가 모두 완료 된 후 진행됩니다. 미소는 고객님께서 특별히 신경 쓰지 않으시더라도, 미소 서비스를 원활하게 제공해 드리는 것을 지향하고 있습니다. 따라서 방문하신 클리너님은 꼭 필요한 경우에만 고객님에게 연락을 드리도록 하고 있습니다. 예약하신 일정을 안내해 드리기 위해서, 서비스 하루 전 날 오후 5시 경에 일괄적으로 안내 메세지를 보내드리고 있는데 혹시  이 메세지로 부족 하셨는지요 ? ^^  믿을 수 있는 서비스를 제공하기 위해 더욱 노력하는 미소가 되도록 노력 하겠습니다. 감사합니다."
장준영,5,2020-06-04,0,청소 서비스 잘 이용받았습니다 카드 결제 등록 해놓으니까 간편하게 결제 되니까 편하더라고요,
홍진국,5,2020-06-17,1,청소 잘 받아보았네요 . 예전에 이런거 사치스럽다 생각 했는데 서비스 보면 ㅋㅋ 그런 생각 1 도 안들고 너무 마음에 듬,
양정현,5,2020-06-13,0,다른서비스 이용했는데 너무 마음에 안들어 옮겼는데 가격대비 청소수준은 미소가 완승입니다..,
양승춘,5,2020-06-20,0,청소 업체중에서 카드결제 안되는곳도 태반인데 여긴 카드결제 무조건이고 특히나 스케줄을 편하게 정할 수있어서 마음에 듬,
chang hwan Song,5,2020-05-16,2,가성비 좋네요 시간도 잘 맞춰주시고요 저흰 맞벌이 부부라 집안 청소 할 수있는게 흔치가 않아서 좀 많이 집안이 지저분 했거든요 그래서 이용하게 된건데 ㅎㅎ 너무 깔끔하게 잘 정리 해주시고 청소 해주셔서 앞으로 정기적으로 이용해볼려고요 제가 생각 했을땐 한달에 4 번 정도만 이용하면 될거 같더라고요 1 주일에 1 회 ?? 가성비도 괜찮고 서비스도 정말 만족 합니다 .,"Miso, Inc.2020년 5월 22일안녕하세요, chang hwan Song 고객님. 미소를 이용해 주셔서 감사합니다. :) 맞벌이 하시느라 바쁘실 고객님의 일을 덜어 드릴 수 있어서 진심으로 기쁩니다. 미소는 합리적인 가격으로 양질의 서비스를 제공하여, 우리 모두의 일상이 행복해 지도록 노력하고 있습니다.앞으로도 번거로운 청소일은 미소에 맡기시고, 가족들과 여가와 행복을 즐기면서 미소 지으시는 일만 가득하길 바랍니다. 또한, 정기 서비스가 일회성 서비스보다 저렴하니, 정기 서비스 이용을 고려해주시길 부탁 드립니다. 코로나 19가 유행인 가운데, 건강에 유의하시기 바라며, 오늘도 좋은 하루 보내세요. :) 감사합니다 ^_^"
김원태,5,2020-06-05,0,청소 상태 자체가 워낙 깔끔하게 잘되어있어서 군말없이 아주 만족스러웟습니다.,
강지원,5,2020-06-19,0,가끔 이용하는데 이용할때마다 너무 친절하시고 깨끗히청소해주세요! 강추강추!,
한성민,5,2020-04-21,4,청소 꼭 여기서 받아보시길 바랍니다 . 정말 잘해시네요 ㅎㅎ 저도 처음엔 이런곳 사치 스럽고 별로 일줄 알았거든요 . 가격대비 정말 이만한 서비스가 없다고 생각 되네요 생활 밀착 플래폼중 1 등 업체이고요 . 진짜청소관련해선 전문가분들이라 . 믿고 잘 이용했네요,"Miso, Inc.2020년 4월 23일안녕하세요, 한성민 고객님. 생활 밀착 플래폼 중 1등, 미소 입니다. :) 미소 서비스를 이용해 주셔서 감사합니다. 고객님께서 미소의 서비스에 만족하신다고 하시니, 저희는 더욱 좋은 모습을 보이고 싶은 마음뿐입니다. 미소는 합리적인 가격으로 양질의 서비스를 제공하여, 우리 모두의 일상이 행복해 지도록 노력하고 있습니다. 앞으로도 번거로운 청소일은 미소에 맡기시고, 여가와 행복을 즐기면서 미소 지으시는 일만 가득하길 바랍니다. 코로나 19가 유행인 가운데, 건강에 유의하시기 바라며, 오늘도 좋은 하루 보내세요. :) 감사합니다 ^_^"
임환이,5,2020-05-14,2,미소 서비스 좋아요 . 개인적으로 . 청소 업체는 여기가 제일 낫더라고요 . 이모님도 굉장히 친절 하시고 ㅎㅎ 정리 정돈 그리고 청소 상태 모두 마음에 들었습니다 . 서비스는 5 점 만점에 5 점 드리고 싶네요 ㅋㅋ 너무 잘 해주셔서 부모님집도 한번 의뢰 해볼려고해요 좋은 서비스 해주셔서 감사하고요 별 5 점드립니다 . ~!! 서비스 굳굳,"Miso, Inc.2020년 5월 22일안녕하세요, 임환이 고객님. 만점 짜리 서비스, 미소 입니다. :) 저희 미소 서비스를 이용해 주셔서 감사합니다.  미소는 고객님께서 특별히 신경 쓰지 않으시더라도, 미소 서비스를 원활하게 제공해 드리는 것을 지향하고 있습니다. 부모님댁에도 미소를 신청하실 고객님에게 부끄럽지 않도록 저희는 오늘도 최선을 다하고 있습니다. 미소는 고객님의 일상에 필요한 모든 것을 쉽고 간편하게 만들어나가기 위해 최선을 다하고 있습니다. 청소가 필요 하실 때에는 미소를 기억해주세요. :)  코로나 19가 유행인 가운데, 건강에 유의하시기 바라며, 오늘도 좋은 하루 보내세요. ^_^ 감사합니다 :)"
김우미,5,2020-05-17,3,미소 서비스 감사합니다 청소 이용잘 하고 있어요 ^^ 개인적으로 미소 좋은점 여러가지 말씀드리자면 보통 다른 청소 업체의 경우 현금결제만 되니까 좀 불편 했지만 미소는 카드 등록 하고 카드로 결제 되는 업체이다보니까 편리했고요 2 번째는 시간 맞춰서 잘 와주시고 마무리 잘 지어주시고 가주시니까 ㅎㅎ 저도 그때 동안 다른 업무를 볼 수있다는게 장점이더라고요 . 아무튼 너무 괜찮아서 부모님집도 이거 한번 신청 해드릴려고요,"Miso, Inc.2020년 5월 21일안녕하세요, 김우미 고객님. 미소를 이용해 주셔서 감사합니다. :) 미소는 고객님께서 특별히 신경 쓰지 않으시더라도, 미소 서비스를 원활하게 제공해 드리는 것을 지향하고 있습니다. 고객님의 편리한 이용을 위해서 카드 결제 (카드는 한번만 등록하시면 되시며, 나이스 페이에 의해 안전하게 관리되고 있습니다.) 및 가상 계좌 입금, 모두 가능 하도록 하고 있습니다.  고객님의 칭찬에 만족하지 않고 앞으로도 최선을 다하는 미소가 되도록 하겠습니다. :) 추후 생활청소가 필요 하실 때에는 미소를 기억해주세요. ^_^  코로나 19가 유행인 가운데, 건강에 유의하시기 바랍니다. 오늘도 좋은 하루 보내세요 . 감사합니다 :)"
이승진,5,2020-05-18,2,올해 4 월까지 다른 업체 이용하다가 미소로 갈아탔습니다 . 청소도 잘 해주시지만 무엇보다 좋은게 스케줄에 맞춰서 와주시고 제시간에 마무리 짓고 끝내주시는거였네요 . 다른 업체 이용할땐 시간도 잘 안지켜주시고 현금 결제만 되어서 불편 했거든요 . 여기는 좀 편리한 기능도 많고 청소도 잘 해주셔서 너무 만족 합니다,"Miso, Inc.2020년 5월 22일안녕하세요, 이승진 고객님. 미소를 이용해 주셔서 감사합니다. :)  미소는 시간제 서비스로, 시간 관리와 고객 만족을 위해서 서비스 품질도, 클리너님들도 항상 최선을 다해 노력하고 있습니다. 고객님의 칭찬에 만족하지 않고 앞으로도 최선을 다하는 미소가 되도록 하겠습니다. 편리하고 간편한 이용을 위해서, 카드 결제 (카드는 한 번만 등록해주시면 되며, 카드 정보는 나이스페이에 의해서 안전하게 관리됩니다.) 및 가상 계좌 이용 모두 가능 하도록 하고 있습니다.  코로나 19가 유행인 가운데, 건강에 유의하시기 바라며, 오늘도 좋은 하루 보내세요 . 감사합니다 :)"
정윤주,5,2020-06-10,0,생활 밀착 플랫폼중에서 미소가 가장 괜찮았습니다 서비스도 최상 청소 퀄리티도 완전 최상이네요,
오아림,5,2020-06-23,0,가격도 저렴하고 카드 결제 간단 하다보니까 자주 쓰게 되네요,
류시진,3,2020-05-25,0,"인증번호가 몇 분 지난 후 날라옵니다.. 갤럭시 노트10 사용 중. 이런 상황은 처음이고, 유심다운로드는 잘 되어있습니다.","Miso, Inc.2020년 5월 25일안녕하세요, 류시진 고객님. 미소 이용에 불편을 드려 진심으로 사과드립니다. 혹시 지금도 안 되시는지요 ?  번호인증이 안될 경우 어플을 삭제 후 재설치하여 시도해주세요. 그럼에도 불구하고 안된다면 미소 홈페이지에서 인증번호가 오는지 시도 부탁드립니다. 만약 홈페이지에서는 가능하나 어플 내에서는 안될 경우, 스마트폰 기종과 어플 버젼을 미소 홈페이지 내 실시간 문의로 전달주시면 확인 후 답변 드리도록 하겠습니다. 만족스러운 이용을 위해 최선을 다하는 미소가 되겠습니다. 감사합니다. :)"
조성호,5,2020-06-02,1,가성비 최고입니다. 청소할때 이제는 거의 필수로 예약하게됩니다.,"Miso, Inc.2020년 6월 3일안녕하세요, 조성호 고객님. 미소를 이용해 주셔서 감사합니다. 필수라고 말씀해 주시니 고객님의 사랑에 더 좋은 서비스로 보답하고 싶습니다. 미소를 통해 고객님의 일상이 조금이나마 여유로워지셨다면, 기쁜 마음입니다 ^_^ 앞으로도 번거로운 청소일은 미소에 맡기시고, 여가와 행복을 즐기면서 미소 지으시는 일만 가득하길 바랍니다.  코로나 19가 유행인 가운데, 건강에 유의하시기 바라며,  오늘도 좋은 하루 보내세요 ^_^ 감사합니다. :)"
이민규,5,2020-04-21,3,미소 감사합니다 덕분에 청소 잘 받았습니다 ^^ 쓸만한 업체더라고요 . 이모님이 청소 잘 해주시는건 기본이고요 꼼꼼하게 잘 해주시고 특히나 생활 꿀팁 잘 알려주시더라고요 ㅎㅎ 기존 업체에서 미소로 바꾼건데 . 진짜 속시원하게 청소 잘 해주셔서 감사하더라고요 ㅎㅎ,"Miso, Inc.2020년 4월 23일안녕하세요, 이민규 고객님. 속시원한 서비스, 미소 입니다. :)   저희 미소 서비스를 이용해 주셔서 감사합니다. 미소를 통해 고객님의 일상이 조금이나마 여유로워지셨다면, 기쁜 마음입니다. 고객님의 기대에 부응할 수 있도록, 저희는 오늘도 최선을 다하고 있습니다. 앞으로도 번거로운 청소일은 미소에 맡기시고, 여가와 행복을 즐기면서 미소 지으시는 일만 가득하길 바랍니다. 추후, 청소 서비스가 다시 필요하시면 다시 찾아 주세요 ^^ 코로나 19가 유행인 가운데, 건강에 유의하시기 바라며, 오늘도 좋은 하루 보내세요. 감사합니다. :)"
Cheolyong Park,1,2020-05-16,4,고객응대가 기본적으로 메뉴얼이 없는지 깔끔하지도 않고 클리너에 대한 전반적인 프로세싱도 개선해야될 것 같음 약속시간에서 두시간 넘게 오질않아 취소했고 딱히 이용하고픈 맘도 사라짐 업종은 다르지만 유사한 프로세스로 운영하는 헤이딜러를 보고 좀 많이 참고하길바람 욕쓰려다가 서로 감정만 상하니 개선점만 말하고 삭제하겠음 ㅡㅡ,"Miso, Inc.2020년 5월 18일안녕하세요, Cheolyong Park 고객님. 미소 서비스 이용에 불편을 드려서 죄송합니다.  미소는 고객님께서 원하시는 시간에 클리닝 서비스를 제공해드려야하지만, 약속시간을 2시간이나 지키지 못하고, 고객님의 귀한 주말 오후 시간에 유쾌하지 못한 경험하시게 해드려서 죄송합니다. 이렇게 예기치 못하게 클리닝 서비스가 취소되어, 고객님 일정에 불편을 드린 점 진심으로 사과 드립니다. 앞으로 정성을 다해 더욱더 꼼꼼하게 신경쓰는 미소가 되겠습니다. 고객님의 의견을 바탕으로 더욱 만족스러운 서비스로 고객님을 찾아뵐 수 있도록 노력하겠습니다. 감사합니다. 오늘도 좋은 하루 되세요 ^^"
임종선,5,2020-06-05,0,가격대비 미소가 가장 깨끗하게 마무리 잘해주시는듯합니다.,
Seonjin Kim,5,2020-05-30,1,청소의 상태가 기대이상으로 잘되어있어서 돈을 쓴게 전혀 아깝지않아요!,"Miso, Inc.2020년 6월 1일안녕하세요,  Seonjin Kim 고객님. 미소를 이용해 주셔서 감사합니다. 돈이 전혀 아깝지 않다니, 이만한 칭찬이 어디 있을까 싶습니다. 모든 고객님께서 저희 서비스를 만족할 수 있도록 클리너님들도, 서비스 품질도 항상 심혈을 기울이고 있습니다. 미소 서비스를 통해서 고객님의 일상이 조금이나마 여유로워지셨기를 바랍니다. 앞으로도 믿을 수 있는 서비스를 제공하기 위해 더욱 노력하는 미소가 되도록 하겠습니다. 코로나 19가 유행인 가운데, 건강에 유의하시기 바라며, 오늘도 좋은 하루 보내세요. 감사합니다. ^_^"
박지연,5,2020-06-20,0,깔끔한 청소 그리고 가격도 착하고 ㅋㅋ 이래저래 잘 이용중이에요,
조치형조치형,5,2020-05-27,2,"꼼꼼하게 잘 청소 해주셔서 ㅎㅎ 앞으로 자주 이용할려고 합니다 ,","Miso, Inc.2020년 5월 29일안녕하세요, 조치형조지형 고객님. 미소를 이용해 주셔서 감사합니다, 미소의 서비스가 마음에 드신다고 하시니, 더욱 좋은 모습을 보이고 싶은 마음 뿐입니다. 미소는 고객님의 생활을 더 편하고 쉽게 만들기 위해서 오늘도 노력하고 있습니다. 청소가 필요 하실 때에는 미소를 기억해주세요.  코로나 19가 유행인 가운데, 건강에 유의하시기 바라며, 오늘도 좋은 하루 보내세요 ^_^"
우중선,5,2020-05-28,2,결제 방법도 간편하고 금액도 저렴하고 이래저래 잘 이용중입니다,"Miso, Inc.2020년 6월 1일안녕하세요, 우중선 고객님. 미소를 이용해 주셔서 감사합니다. 미소는 합리적인 가격으로 양질의 서비스를 제공하여, 모두의 일상이 행복해지도록 노력하고 있습니다. 고객님의 편리한 이용을 위해서 카드 결제 (카드는 한번만 등록하시면 되시며, 나이스 페이에 의해 안전하게 관리되고 있습니다.) 및 가상 계좌 사용, 모두 가능 하도록 하고 있습니다. 초심을 잃지 않고 앞으로도 고객 만족을 위해서 정성을 다하는 미소가 되도록 하겠습니다. 청소가 필요하시면 미소를 기억해주세요. ^_^ 코로나 19가 유행인 가운데, 건강에 유의하시기 바라며, 오늘도 좋은 하루 보내세요 . 감사합니다 :)"
강주희,5,2020-05-31,1,괜히 미소 이용하는게 아니더군요.. 확실해서 좋습니다.,
양지은,5,2020-06-07,0,이제는 미소를 계속 쭉 정기적으로 이용해야겠네요 다른곳 이용하다가 한번 이용해봤는데 좋더군요,
박박준석,5,2020-06-07,0,견적내보니까 저렴해서 맡겼습니다. 생각보다 깨끗하게 잘되서 좋네요,
김영준,5,2020-05-25,2,집안이 청소 전과 후과 나뉠정도로 ㅎㅎ 제대로 정리 해주시고 잘 청소 해주셔서 ㅎㅎ 별 불만 없이 잘 이용중이에요 .,"Miso, Inc.2020년 5월 28일안녕하세요, 김영준 고객님. 제대로 하는 서비스, 미소 입니다. :) 미소를 이용해 주셔서 감사합니다. 깔끔하게 정리된 집에 들어서면 기분이 좋지요 ^_^ 미소는 고객님께서 특별히 신경 쓰지 않으시더라도, 서비스를 원활하게 제공해 드리는 것을 지향하고 있습니다. 미소는 고객님의 생활을 더 편하고 쉽게 만들기 위해서 오늘도 노력하고 있습니다. 청소가 필요 하실 때에는 미소를 기억해주세요. ^_^ 코로나 19가 유행인 가운데, 건강에 유의하시기 바랍니다. 오늘도 좋은 하루 보내세요. :) 감사합니다 ^_^"
김진수,5,2020-05-27,2,정기적으로 이용해볼려고 신청 하게 되었어요 이미 몇몇 지인들은 미소 쓰는데 되게 만족 해 하시네요,"Miso, Inc.2020년 5월 29일안녕하세요, 김진수 고객님. 언제나 만족스러운 서비스, 미소 입니다. :) 저희 미소 생활청소는 시간제 서비스로, 효율적인 청소 시간 관리와 고객 만족을 위해서 서비스 품질도, 클리너님들도 항상 최선을 다해 노력하고 있습니다. 앞으로도 번거로운 청소일은 미소에 맡기시고, 여가와 행복을 즐기면서 미소 지으시는 일만 가득하길 바랍니다. 코로나 19가 유행인 가운데, 건강에 유의하시기 바라며, 오늘도 좋은 하루 보내세요. 감사합니다 :)"
김동우,5,2020-06-22,3,미소 청소 서비스 첫 이용해봤고요 너무 괜찮아서 앞으로 정기적으로 사용할려고 합니다,
이이의주,5,2020-05-14,2,청소 서비스 최상입니다 이모님 시간 잘 맞춰서 와주시고 끝날때 쯤에 마무리까지 싹 잘 해주시니까 ㅎㅎ 너무 만족 했네요 . 예전엔 이런거 쓰면 좀 사치 스럽다 이생각인데 이정도 서비스에 이정도 금액이면 정말 저렴하고 전혀 사치스럽지 않네요 ~ !! 오랜만에 좋은 업체 이용해봤고요 . 앞으로 청소는 여기다 맡길려고 합니다 ㅎㅎ 이용 잘 했습니다 ^^,"Miso, Inc.2020년 5월 22일안녕하세요, 이이의주 고객님. 만족스러운 서비스, 미소 입니다. :) 미소를 이용해 주셔서 감사합니다. 미소는 합리적인 가격으로 양질의 서비스를 제공하여, 고객님의 일상이 편안해지도록 노력하고 있습니다. 미소는 고객님의 생활을 더 편하고 쉽게 만들기 위해서 오늘도 노력하고 있습니다. 앞으로도 믿을 수 있는 서비스를 제공하기 위해서 더욱 노력하는 미소가 되도록 하겠습니다. ^_^ 코로나 19가 유행인 가운데, 건강에 유의하시기 바랍니다. 오늘도 좋은 하루 보내세요. 감사합니다 ^_^"
엄정아,5,2020-06-12,0,청소 서비스 잘 이용중이에요 잘 해주시는것도 감사하지만 시간 맞춰서 제시간에 잘 끝내 주시는거였어요,
송기왕,5,2020-05-20,3,다른 리뷰에 안좋은 평가가 많아서 본사에 전화해서 교체 환불등 까다롭게 문의했는데 친절하게 응대해주셨고 가사도우미 분 오셔서 반짝반짝하게 해놓고 가셨다고 부모님께서 너무 좋아하셨습니다. 리뷰 믿지 마시고 직접 확인해 보세요,"Miso, Inc.2020년 5월 22일안녕하세요, 송기왕 고객님. 미소를 믿고, 미소 서비스를 이용해 주셔서 감사합니다. 고객님께서 미소의 서비스에 만족하신다고 하시니, 저희는 더욱 좋은 모습을 보이고 싶은 마음뿐입니다. 미소는 합리적인 가격으로 양질의 서비스를 제공하여, 우리 모두의 일상이 행복해 지도록 노력하고 있습니다. 앞으로도 번거로운 청소일은 미소에 맡기시고, 여가와 행복을 즐기면서 미소 지으시는 일만 가득하길 바랍니다. 코로나 19가 유행인 가운데, 건강에 유의하시기 바라며, 오늘도 좋은 하루 보내세요. :) 감사합니다 ^_^"
황진희진희,5,2020-06-11,0,기대 했던거 보다 괜찮더라고요 미소 서비스 정말 최상입니다 .,
박선규,5,2020-06-16,0,마무리 마저도 깔끔 . 요새 청소 업체 미소 이용하고선 주말에 시간 정말 많이 생김,
봉하규,5,2020-06-07,0,서비스도 좋고 예약이 간단해서 좋습니다.,
정성명,5,2020-06-21,0,개인적으로 홈클리닝 서비스 많이 이용해봤지만 다른곳보다 미소가 저렴하니 좋더라구요,
백백인서,5,2020-05-26,2,청소 잘 받았어요 이정도 가격에 이정도로 퀄리티있게 해주셔서 자주 이용할 생각 이에요,"Miso, Inc.2020년 6월 1일안녕하세요, 백백인서 고객님. 퀄리티 있는 서비스, 미소 입니다. :) 저희 미소를 이용해 주셔서 감사합니다. 깨끗한 집에 들어서면 기분이 상쾌하지요~ 미소를 통해 고객님의 일상이 조금이나마 여유로워지셨다면, 기쁜 마음입니다. 고객님의 기대에 부응할 수 있도록, 저희는 오늘도 최선을 다하고 있습니다. 추후, 청소 서비스가 다시 필요하시면 미소를 기억해 주세요 ^^ 코로나 19가 유행인 가운데, 건강에 유의하시기 바라며, 오늘도 좋은 하루 보내세요. 감사합니다. :)"
강선희,5,2020-06-05,0,예약시간 맞추는게 다른곳은 까다로운데 여긴 바로되니까 좋다.,
SJ Lee,5,2020-06-03,0,큰평수가 아니라 비용이 저렴해 자주 이용하는 편입니다.,
최근호,5,2020-06-06,0,미소 떄문에 청소 서비스 잘 이용하고 있어요 ㅎㅎ 진짜 생활 플랫폼 앱중 가장 괜찮네요,
조조경환,5,2020-06-08,0,청소를 잘 해주시다보니까 정기적으로 이용중인데요 ㅎㅎ 매번 오실때 마다 만족 합니다,
미니언니,5,2020-04-24,1,지금 프리렌서로일을 하고있는 주부입니다 가성비도좋고 이모님께 청소꿀팁도 받았어요~~ 정말로추천하고픈앱입니다 결제도 편하게 카드등록만하면 자동으로 결제가능하니참고바래요,"Miso, Inc.2020년 4월 28일안녕하세요, 미니언니 고객님. 추천하고 싶은 어플, 미소 입니다. ^^ 미소 서비스를 이용해 주셔서 감사합니다. :) 미소는 합리적인 가격으로 양질의 서비스를 제공하여, 우리 모두의 일상이 행복해 지도록 노력하고 있습니다. 고객님의 편리한 이용을 위해서 카드 결제 (카드는 한번만 등록하시면 되시며, 나이스 페이에 의해 안전하게 관리되고 있습니다.) 및 가상 계좌 입금, 모두 가능 하도록 하고 있습니다. 나중에 청소가 다시 필요하시면 미소를 찾아주세요. ^_^ 코로나 19가 유행인 가운데, 건강에 유의하시기 바랍니다. 오늘도 좋은 하루 보내세요. 감사합니다 :)"
민민율,5,2020-05-29,1,미소 청소 서비스 이용해본 이용자이고요 괜찮아서 정기적으로 이용할까 생각 중이에요,"Miso, Inc.2020년 6월 1일안녕하세요, 민민율 고객님. 미소를 이용해 주셔서 감사합니다. 정기 청소를 고려하실 정도로, 미소 서비스가 마음에 드셨다고 하시니, 저희도 더 좋은 서비스로 보답해야겠다는 마음뿐입니다. 방문하셨던 클리너님과 정기 청소 서비스 진행을 원하시면, 미소 실시간 문의로 동일 클리너님의 재방문이 가능한지 여부를 확인 부탁 드립니다. 코로나 19가 유행인 가운데, 건강에 유의하시기 바라며, 오늘도 좋은 하루 보내세요 . 감사합니다 :)"
김홍관,5,2020-05-28,2,이용할만했고요 청소 업체 중에서 미소가 가장 괜찮네요 .,"Miso, Inc.2020년 6월 1일안녕하세요, 김홍관 고객님. 많은 어플 중 미소를 선택하고, 또 이용해 주셔서 감사합니다. 미소는 합리적인 가격으로 우수한 홈클리닝 서비스를 제공하여, 우리 모두의 일상이 행복할 수 있도록 노력하고 있습니다. 모든 고객님께서 미소 서비스에 만족할 수 있도록 클리너님들도, 서비스 품질도 항상 심혈을 기울이고 있습니다.  그리고 고객님의 편리한 이용을 위해서 카드 결제 (카드는 한번만 등록하시면 되시며, 나이스 페이에 의해 안전하게 관리되고 있습니다.) 및 가상 계좌 입금, 모두 가능 하도록 하고 있습니다.  코로나 19가 유행인 가운데, 건강에 유의하시기 바랍니다. 오늘도 좋은 하루 보내세요. :) 감사합니다 ^_^"
윤동준,5,2020-06-15,0,금액도 저렴하고 청소도 굉장히 잘 해주시는 편이에요,
한만규,5,2020-06-04,4,이용할만 했어요 ~ 개인적으로 미소 강력 추천 드립니다,
형지원,5,2020-06-22,0,미소 서비스 괜찮네요 첫 이용해봤고요 괜찮아서 주기적으로 사용해볼려고 합니다,
뵤뵤,1,2020-06-10,1,앱 답변도 늦고 전화도 안받고 돈은 빠져나갔고 도대체 어떻게 해야 연락이란게 가능한가요,"Miso, Inc.2020년 6월 11일안녕하세요, 뵤뵤 고객님. 미소 이용에 불편을 드려서 죄송합니다. 모든 고객님께서 저희 서비스에 만족하실 수 있도록 클리너님들도, 서비스 품질도 항상 심혈을 기울이고 있습니다. 최근, 성수기 주문 폭주로 인해, 답변이 지연 되어 답답하셨을 고객님을 생각 하니 마음이 무겁습니다. 혹시 아직도 답변을 못 받으셨는지요? 만약 그러시다면 실시간 문의로 다시 한 번 메세지를 남겨 주시겠습니까 ? 고객님의 불편함을 바로 도와 드리고 싶지만 플레이스토어 아이디로는 고객님의 개인 정보 확인이 어렵습니다. 고객님의 불편에 다시 한 번 사과드리며, 더욱 개선된 서비스로 고객님을 찾아뵐 수 있도록 노력하겠습니다. 피드백 감사합니다."
남자김정호,5,2020-06-19,0,주말에 어른들이 집에 내려오셔서 . 미소 이용하는게 낫다 싶어서 어제 써봤고요 ㅎㅎ 잘 청소 해주셔서 만족 합니다,
서진규,5,2020-05-26,2,마무리도 깔끔하고 스케줄에 맞춰서 잘 와주시고 하니까 ㅎㅎ 큰 불만이 없네요,
박선진,5,2020-06-02,0,서비스도 좋고 ^^ 청소도 기본이상으로 잘되는것같습니다.,
전찬준,5,2020-06-05,0,가격대가 진짜착함.. 이게 가장 메리트있는 부분이지 않을까싶다.,
Ho Young Lee,5,2020-06-15,0,앞으로는 이런 어플이 인기 많을듯 합니다 저도 처음 이용해보고선 제 선입견을 깨준 업체에요 청소 업체 이용하는건 좀 사치 스럽고 제가 봤을땐 부정적이었는데 막상 이용해보고 가격도보고 하니까 그런 마음이 쏙 사라졌네요 . 오히려 더 자주 이용해야겠다 이런 생각 뿐입니다 저는 1 달에 한 2 회정도 정기적으로 이용해볼려고요 삶의 질이 진짜 달라지네요,
catherin park,3,2020-05-15,0,"미소는 O2O 서비스인 만큼, 집주인과 청소부와 커뮤니케이션을 시스템적으로 개선할 필요가 있습니다. - 청소부에게 간단한 요청 사항을 앱 내에서 전달 - 청소부와 일정 조율을 앱 내에서 진행 현재 매칭된 청소부의 기본정보 및 연락처 조차 앱 내에서 제공되지 않습니다. 스케줄 조율을 원하면, 고객센터에서는 청소부와 직접 조율하라는 기계식 안내 뿐입니다. 청소 품질에 대해서는 만족하고 있습니다. 하지만 장기적인 사용은 꺼려집니다.","Miso, Inc.2020년 5월 15일안녕하세요, chris Seo 고객님. 미소 이용에 불편을 드려서 죄송합니다. 미소는 고객님께서 특별히 신경 쓰지 않으시더라도, 미소 서비스를 원활하게 제공해 드리는 것을 지향하고 있습니다. 어플에서 클리너님의 연락처가 제공되지 않는데, 고객센터에서는 직접 조율하라는 안내를 받으셨다고 하시니 너무나 무거운 마음입니다. 고객님의 소중한 의견은 유관 부서로 전달되어서, 시스템 변경시 진행될 시, 참고할 수 있도록 하겠습니다. 고객님의 의견을 바탕으로 더욱 만족스러운 서비스로 고객님을 찾아뵐 수 있도록 노력하겠습니다. 감사합니다. 오늘도 좋은 하루 되세요 ^^"
박재원,5,2020-05-15,2,청소 잘 해주셔서 정말 감사합니다 이용하는데 있어서 정말 편리했네요 ㅎㅎ 깔끔하게 청소 잘 해주신덕분에 . 집안이 완전 달라졌네요 ㅎㅎ 너무 괜찮아서 부모님집도 한번 요청 드릴려고 합니다 . 이모님이 생활꿀팁도 종종 알려주시고 제가 말씀 안드린 부분도 꼼꼼하게 잘 청소 해주시다보니까 전 이모님 오시면 말씀만 드리고 제 개인 볼일 보러 갈 정도로 ㅎㅎ 믿고 이용중이에요 .,
박소이,5,2020-05-25,2,청소 서비스 좋네요 ~ 이용할만 했고요 . 깔끔한 청소 잘 해주셔서 자주 이용할려고 해요,"Miso, Inc.2020년 6월 1일안녕하세요, 박소이 고객님. 미소 서비스를 이용해 주셔서 감사합니다. 자주 이용하고 싶을 정도라고 칭찬해 주시니, 더 좋은 서비스로 보답하고 싶습니다. 미소를 통해 고객님의 일상이 조금이나마 여유로워지셨다면, 기쁜 마음입니다 ^_^ 앞으로도 번거로운 청소일은 미소에 맡기시고, 여가와 행복을 즐기면서 미소 지으시는 일만 가득하길 바랍니다. 청소가 필요할 때는 미소를 기억해주세요~ 코로나 19가 유행인 가운데, 건강에 유의하시기 바라며, 오늘도 좋은 하루 보내세요 ^_^ 감사합니다. :)"
손보석,5,2020-05-26,2,집안이 많이 더러웠는데 미소 이용하고선 집안이 180 도로 달라졌습니다 제가 여러 군데 말씀드렸는데 귀찮을 법도 하신데 ㅎㅎ 친절히 잘 맞춰주셔서 너무 감사했고요 앞으로는 1 달에 2 회정도로 쓰는게 좋을거 같아서 정기적으로 이용해볼까 생각 중이에요 ^^ 좋은 서비스 진행해주셔서 감사합니다,
민병숙,5,2020-06-02,0,가격대가 저렴하다보니 청소하게될때면 무조건 이용하게되더라구요,
최수열,5,2020-06-03,0,어플로 원하는 시간대 예약하고 바로바로 결제할수있어서 편하네요,
임준혁,5,2020-06-04,0,미소 서비스가 좋은점이 참 많아요 ㅋㅋ 청소 잘 받고 있습니다,
김진숙,5,2020-06-13,0,앱으로 시간예약하는게 간편해서 너무 편하게 이용하고있습니다.,
가서인,5,2020-06-08,0,이정도 금액에 이정도 서비스면 완전 혜자네요 자주 이용할게요,
안순녀,5,2020-06-16,0,청소 업체 중에서 신뢰도 100 % 입니다 한번 이용해보고 나서 정기적으로 이용해야겠다 이런 생각 뿐임,
고수분,5,2020-05-30,0,나이드시고 몸이 좀 불편해 청소를 잘 못해. 이렇게 서비스를 이용하고있는데 항상 잘해주고가셔서 이렇게 리뷰도 남겨봅니다.,
배종원,5,2020-06-04,0,예상보다 청소 잘해주셨고 또 가격적인부분인도 정말 착하네요,
심정민,5,2020-06-06,0,처음해봣는데 오신분도좋구..계속정기적으로이용할려구요♡♡,
진창록,5,2020-06-08,0,미소서비스 정말 좋더라고요 이용할만 했어요 !,
김연정,5,2020-06-18,0,저희집 완전 탈바꿈 했습니다 ㅋㅋ 청소 및 정리 제일 완벽 합니다,
고정운,5,2020-06-21,0,어플로 예약을 간편하게하다보니까 굉장히 좋네요.,
박주상,5,2020-04-18,2,"여기 미소 평가가 좋아서 이모님 해주시는 청소를 처음 이용해보았습니다. 요청사항이 여러 개 있었는데도 불구하고, 이모님께서 정말 꼼꼼하게 청소해주셨습니다. 집이 깨끗하니 기분이 참 좋네요... 진짜 제가 직접 하는 청소와 확연히 틀리네요. 가성비가 좋아서 다음에도 계속 이용할 것 같습니다. 다음에도 깨끗하게 청소해주시면 좋겠어요... 이모님 감사드립니다 !!","Miso, Inc.2020년 4월 22일안녕하세요, 박주상 고객님. 확연히 다른 청소 서비스, 미소 입니다. :)  저희 미소를 이용해 주셔서 감사합니다. 깨끗한 집에서 생활하면 기분이 상쾌하지요 ^^ 미소 서비스를 통해 고객님의 일상이 조금이나마 여유로워지셨기를 바랍니다. 미소는 고객님께서 특별히 신경 쓰지 않으시더라도, 미소 서비스를 원활하게 제공해 드리는 것을 지향하고 있습니다. 저희는 고객님의 생활을 더 편하고, 더 쉽게 만들기 위해서 오늘도 노력하고 있습으니 추후 청소가 필요할 때는 다시 미소를 찾아 주세요. 코로나 19가 유행인 가운데, 건강에 유의하시기 바라며, 오늘도 좋은 하루 보내세요 . 감사합니다 :)"
김하루,5,2020-05-27,2,미소 떄문에 청소 잘 받았습니다 자주 이용할거 같아요,
성현조,5,2020-06-01,0,그냥 써보세요 ㅎㅎ 금액도 적당하고 상당히 . 서비스 좋아요,
주경민,5,2020-06-02,0,상당히 빠른시간에 청소가 끝나고 정말 편하네요,
이재선,5,2020-06-09,0,청소는 미소가 가장 잘 해주시네요 ㅎㅎ 믿고 사용중입니다,
jungae Kim,5,2020-06-10,0,결제 카드 등록 해놓으면 끝나니까 좋네요 ^^ 앞으로 정기적으로 이용해볼려고요,
남형우,5,2020-06-09,0,마무리가 완벽 하네요 청소 오시면 전 다른 용무 보러 나가고 있고요 그정도로 여기 엄청 신뢰 하고 있어요,
ᄏᄏ잠똘TV,5,2020-06-16,0,청소 하는 업체 바꿨어요 ㅋ 미소로 바꿨는데요 너무 만족 스럽네요,
배성호,5,2020-05-28,2,미소 떄문에 청소 잘 받은 회원입니다 ㅎㅎ 자주자주 이용할게요,
도훈김,5,2020-06-07,0,어플로 시간예약이 간단하게 할수있어서 좋네요.,
우주형,5,2020-06-07,0,서비스 처음이용해봤는데 안내해드리고 어렵지않게 이용할수있네요,
강선영,4,2020-04-28,1,다 좋은데.. 컵 깨진 부분에 대해서 변상관련해서 아무 말씀도 없고 미결제에 대한 부분만 계속 연락오고 좀그렇네요,"Miso, Inc.2020년 4월 29일안녕하세요, 강선영 고객님. 미소 이용에 불편을 드려서 죄송합니다. 고객님의 불편 사항을 바로 도와 드리고 싶으나, 플레이스토어 특성상 고객님 정보가 확인되지 않습니다. 번거로우시겠지만 미소 어플의 실시간 문의로 고객님 성함, 핸드폰 번호 및 사안을 전달해주시면, 확인 도와 드리도록 하겠습니다. 불편에 다시 한 번 사과 드리며 코로나 19가 유행인 가운데, 건강에 유의하시기 바라며, 오늘도 좋은 하루 보내세요. 감사합니다 :)"
오윤정,5,2020-06-06,0,청소를 잘해주시다보니까 . 이용할만했어요 개인적으로는 맞벌이 부부라던지 자취생들이쓰기 좋은거 같아요,
최대준,5,2020-06-09,0,이모님께서 정말 친절 하시다보니까 ㅎ 청소 맡기고 전 따로 다른일 보러 가기 상당히 좋네요 . 신뢰적이지 않으면 제가 다른일 보러 가기 좀 그런데 ㅠ 미소는 2 ~ 3 번 이용해보니까 확실히 다른업체랑 틀리게 잘 해주시니까 저도 제 용무 편하게 보고 있네요 ㅎ 주말에 시간 여유도 상당히 많이 생겼고요 집안 자체가 예전과 달리 180 도로 달라져서 ㅎㅎ 매번 믿고 청소 맡기고 있습니다,
욱일정,5,2020-06-19,0,지인덕분에 알게 되어 쓰고 있는데요 . 청소 잘 해주시거니와 이런저런 생활 팁을 알려주셔서 ㅎㅎ 도움이 많이 되네요,
손진숙,5,2020-05-17,2,아는 지인분들에게 소개해준 어플입니다. 총 3 군데 이용해봤는데 미소가 비용대비 청소상태도 제일 좋았습니다.,
박석호,5,2020-06-16,0,금액도 적당 하고 서비스도 너무 마음에 듬,
이케빈,5,2020-06-20,0,미소가 잘 해주시긴 하네요 이모님도 전문가라 꼼꼼히 잘 청소 해주시고요,
국진희,5,2020-06-21,0,벌써 이용을 총 3 회 이상했는데 단한번도 기분이 안좋았던적이없네요 엄청 친절한건 덤인듯합니다.,
주세동,5,2020-06-17,0,기존업체 바꾸고 미소 쓰는데요 만족감 100% 이네요 ^^ 결제 방법도 간편하고 괜찮더라고요,
남자김민종,5,2020-06-21,0,예약 바로바로 할수있어서 상당히 편합니다.,
토끼,5,2020-04-26,1,두어번 사용해봤는데 클리너님들 시간약속도 잘 지켜주시고 청소도 부탁드린거 외에 다른곳들도 너무 깔끔하게 잘 해주셔서ㅠ매우 만족합니다. 미소 앱만 이용할게요 ^^!,"Miso, Inc.2020년 4월 28일안녕하세요, 토끼 고객님. 미소를 이용해 주셔서 감사합니다. :)  미소 서비스에 만족하시고, 미소 어플만 이용하겠다고 이렇게 말씀주시니, 저희는 고객님의 사랑에 더 좋은 서비스로 찾아 뵙고 싶은 마음 뿐 입니다. 미소는 시간제 생활 청소 서비스를 제공하기 때문에 효율적인 청소 시간 관리와 고객 만족을 위해서 서비스 품질도, 클리너님들도 항상 최선을 다하고 있습니다. 고객님에게 칭찬받은 오늘에 안주하지 않고, 더 좋은 서비스를 위해 노력하는 미소가 되도록 하겠습니다. 코로나 19가 유행인 가운데, 건강에 유의하시기 바랍니다. 오늘도 좋은 하루 보내세요 . 감사합니다 :)"
이현행,5,2020-06-03,0,딱히 신경쓸것없이 청소할곳 말씀드려놓으면 딱끝내놓으시더라구요,
강하늘,3,2020-05-29,0,앱에서 사전에 요구사항 청취가 되면 좋겠습니다.,"Miso, Inc.2020년 6월 1일안녕하세요, 강하늘 고객님. 미소 이용에 불편을 드려서 죄송합니다. 고객님의 편의를 위해서 어플은 최대한 간편하게 구성되어 있습니다. 서비스 관련 요청 사항이나 문의 사항 있으시면, 미소 어플의 실시간문의로 사전에 가능 여부 확인 부탁 드립니다. 앞으로도 믿을 수 있는 서비스를 제공하기 위해서 더욱 노력하는 미소가 되도록 하겠습니다. ^^ 코로나 19가 유행인 가운데, 건강에 유의하시기 바랍니다. 오늘도 좋은 하루 보내세요. :) 피드백 감사합니다 ^_^"
c jj,5,2020-06-11,0,생활 밀착 플랫폼중 가장 괜찮더라고요 이용할 만 헀네요,
Yebin Hong,5,2020-06-17,0,와 진짜 집 쓰레기였는데....너무 잘 해주셨어요...자주 이용할게여,
고고영우,5,2020-06-18,0,이정도 금액에 이정도 퀄리티로 청소 해주시다니 완전 만족 합니다,
ChoHee Yeon,1,2020-06-21,0,앱은 괜찮은데 청소서비스 별로임. 다시 이용하고싶지 않음.,"Miso, Inc.2020년 6월 22일안녕하세요, ChoHee Yeon 고객님. 미소 서비스 이용에 불편을 드려서 죄송합니다. 미소에서는 고객님에게 만족스러운 경험을 선사하고자 하는데, 그러지 못했던 점 진심으로 죄송합니다. 고객님께서 저희 고객센터와 상담하신 내용 확인하였습니다. 미소 서비스를 주문 하셨을 때, 기대하신 바가 있을 텐데, 미흡한 품질로 인하여 이용에 불편을 드려서 무거운 마음입니다. 해당 클리너에게 청소 관련 피드백 및 재교육을 진행하여 이번과 같은 일이 다시 반복되지 않도록 조치할 예정입니다. 다시 한 번 사과드리며, 만족스러운 서비스로 고객님을 찾아뵐 수 있도록 노력하겠습니다. 피드백 감사합니다. 오늘도 좋은 하루 보내시길 바랍니다."
유은지,5,2020-05-01,2,가격도 저렴하고 카드 결제 기능이 있어서 여기만 이용중이네요 최근들어서 청소 업체 바꾼건데요 미소 만족 스럽네요 ^^,"Miso, Inc.2020년 5월 4일안녕하세요, 유은지 고객님. 만족스러운 서비스, 미소 입니다. 많은 어플 중 미소를 선택하고 이용해 주셔서 감사합니다. 미소는 합리적인 가격으로 우수한 서비스를 제공하여, 우리 모두의 일상이 행복할 수 있도록 노력하고 있습니다. 그리고 고객님의 편리한 이용을 위해서 카드 결제 (카드는 한번만 등록하시면 되시며, 나이스 페이에 의해 안전하게 관리되고 있습니다.) 및 가상 계좌 입금, 모두 가능 하도록 하고 있습니다. 추후 청소가 필요하시면 미소를 기억해주세요. 코로나 19가 유행인 가운데, 건강에 유의하시기 바랍니다. 오늘도 좋은 하루 보내세요. :) 감사합니다 ^_^"
이소정,5,2020-05-31,0,가격대비 진짜 저렴하게 청소 잘받았습니다.,
ㅇㅇ김,5,2020-06-13,0,ㅎㅎ 미소가 확실히 청소는 깔끔하게 잘해주시네요,
김낙순,5,2020-06-15,0,스케줄에 맞춰서 잘 와주시고 청소도 꼼꼼히 잘 해주셨어요 .,
정유나,5,2020-04-18,2,맞벌이 부부입니다 . 아무래도 청소 하는게 참 어렵고 좀 번거로웠는데 이거 알고나서 부턴 청소 시원하게 잘 받고 주말엔 편하게 쉬고있습니다 . 맞벌이 부부라 청소 하는게 참 힘들었는데 . 미소쓰고난이후로 청소 고민은 한적이 없네요 . 아이 낳고 하면 더 활용도가 높을 듯합니다 . 정기적으로 한달에 2 번씩 이용하면 딱 좋을거 같네요 ㅎㅎ 좋은 서비스 해주셔서 감사합니다,"Miso, Inc.2020년 4월 23일안녕하세요, 정유나 고객님. 청소 고민 없는 서비스, 미소 입니다. :)  퇴근하고 깨끗한 집에 들어서면 기분이 상쾌하지요~ 맞벌이 하시느라 바쁘실텐데,  미소 서비스를 통해 고객님의 일상이 조금이나마 여유로워지셨기를 바랍니다. 고객님의 기대에 부응할 수 있도록, 저희는 오늘도 최선을 다하고 있습니다. 앞으로도 번거로운 청소일은 미소에 맡기시고, 여가와 행복을 즐기면서 미소 지으시는 일만 가득하길 바랍니다. 추후 청소 서비스가 다시 필요하시면 미소를 기억해 주세요 ^^ 코로나 19가 유행인 가운데, 건강에 유의하시기 바라며, 오늘도 좋은 하루 보내세요. 감사합니다. :)"
전세빈,5,2020-04-25,1,미소가 확실히 가성비가 좋다. 자취하는 나로써는 미소서비스 상당히 잘이용하고있습니다.,"Miso, Inc.2020년 4월 28일안녕하세요, 전세빈 고객님. 미소를 이용해 주셔서 감사합니다.  :) 미소를 통해 고객님의 일상이 조금이나마 여유로워지셨기를 바랍니다. 모든 고객님께서 미소 서비스에 만족할 수 있도록 클리너님들도, 서비스 품질도 항상 심혈을 기울이고 있습니다. 앞으로도 믿을 수 있는 서비스를 제공하기 위해 더욱 노력하는 미소가 되도록 하겠습니다. 코로나 19가 유행인 가운데, 건강에 유의하시기 바라며, 오늘도 좋은 하루 보내세요. 감사합니다. ^_^"
강기완,5,2020-05-31,0,청소 끝마무리까지 제대로해주네요 이게 가장 신뢰가 가는부분입니다.,
이슬이,5,2020-04-17,2,청소를 워낙 잘 해주시니까 . 너무 감사합니다 ㅎㅎ 진짜 퀄리티가 남드리긴 합니다 . 청소를 잘해주시다보니까 제가 신경 안쓰고 다른일을 볼 수있어서 ㅎㅎ 너무 편했네요 . 앞으로는 한달에 2 번 정도 주기적으로 이용해볼 생각이고요 . 괜찮은 서비스라 부모님집도 신청 해드릴려고 하네요 . 아무튼 좋은 서비스 만들어주셔서 감사하고요 전 너무 만족 합니다,"Miso, Inc.2020년 4월 22일안녕하세요, 이슬이 고객님. 남다른 퀄리티의 미소 입니다.  :)  미소를 이용해 주셔서 감사합니다. 미소는 고객님께서 특별히 신경 쓰지 않으시더라도, 미소 서비스를 원활하게 제공해 드리는 것을 지향하고 있습니다. 부모님댁에도 미소를 신청하실 고객님에게 부끄럽지 않도록 저희는 오늘도 최선을 다하고 있습니다. 정기 청소 신청은 미소 어플 혹은 미소 실시간 문의에서 신청 가능 합니다. 방문하셨던 클리너님과 정기 청소 원하시면 미소 실시간 문의로 동일 클리너님의 재방문이 가능한지 여부 확인 부탁 드립니다. 코로나 19가 유행인 가운데, 건강에 유의하시기 바라며, 오늘도 좋은 하루 보내세요. ^_^ 감사합니다 :)"
허덕순,5,2020-04-24,1,여러모로 잘 이용했네요 . 첫 이용인데 괜찮아서 좀 한달에 몇회 정도 쓸지 생각해보고 정기적으로 이용하려고요,"Miso, Inc.2020년 4월 28일안녕하세요, 허덕순 고객님. 미소를 이용해 주셔서 감사합니다. 정기 청소를 고려하실 정도로, 미소 서비스가 마음에 드셨다고 하시니, 저희도 더 좋은 서비스로 보답해야겠다는 마음뿐입니다. 미소는 고객님께서 특별히 신경 쓰지 않으시더라도, 미소 서비스를 원활하게 제공해 드리는 것을 지향하고 있습니다. 미소 서비스를 통해서 바쁘실 고객님의 일을 덜어드릴 수 있어서 기쁩니다. 미소는 고객님의 생활을 더 편하고, 더 쉽게 만들기 위해서 오늘도 노력하고 있습니다. 청소가 필요하실 때는 미소를 기억해 주세요. 코로나 19가 유행인 가운데, 건강에 유의하시기 바라며, 오늘도 좋은 하루 보내세요. 감사합니다. ^_^"
김태균,5,2020-06-07,0,홈클리닝 관련 서비스 많이 이용해봤는데 미소가 가장 좋더라구요,
임종명,5,2020-04-26,1,일단 기본적인 약속시간을 정말 잘준수하십니다. 그리고 딱히 요청사항없이 알아서 구역말씀드리면 잘해주시네요,"Miso, Inc.2020년 4월 29일안녕하세요, 임종명 고객님. 미소를 이용해 주셔서 감사합니다. :) 저희 미소 생활청소는 시간제 서비스로, 효율적인 청소 시간 관리와 고객 만족을 위해서 서비스 품질도, 클리너님들도 항상 최선을 다해 노력하고 있습니다. 앞으로도 번거로운 청소일은 미소에 맡기시고, 여가와 행복을 즐기면서 미소 지으시는 일만 가득하길 바랍니다. 코로나 19가 유행인 가운데, 건강에 유의하시기 바라며, 오늘도 좋은 하루 보내세요. 감사합니다 :)"
전병훈,5,2020-06-02,0,예약시간에 맞게 잘오셔서 구역안내해드리니 알아서 잘해주시더라구요,
김현욱,5,2020-06-03,0,예약시간에 정확히 오셔서 잘해주고가셨습니다.,
